series_id,year,reference_date,observation_basis,observation_schedule,population_definition,population_definition_source,age_band,population_persons,population_share_percent,age_band_source,population_unit_source,source_series_id,source_stats_data_id,built_at
aging_age_structure,1920,1920年,国勢調査・年齢3区分,国勢調査時点・非年次,総人口,国勢調査の年齢（3区分）別人口及び年齢別割合（全国，都道府県）,0-14歳,20416202,36.481572941,０～14歳,人,pop_age3_longterm,0003410383,2026-09-07T12:32:07Z
aging_age_structure,1920,1920年,国勢調査・年齢3区分,国勢調査時点・非年次,総人口,国勢調査の年齢（3区分）別人口及び年齢別割合（全国，都道府県）,15-64歳,32605495,58.262537964,15～64歳,人,pop_age3_longterm,0003410383,2026-09-07T12:32:07Z
aging_age_structure,1920,1920年,国勢調査・年齢3区分,国勢調査時点・非年次,総人口,国勢調査の年齢（3区分）別人口及び年齢別割合（全国，都道府県）,65歳以上,2941356,5.255889095,65歳以上,人,pop_age3_longterm,0003410383,2026-09-07T12:32:07Z
aging_age_structure,1925,1925年,国勢調査・年齢3区分,国勢調査時点・非年次,総人口,国勢調査の年齢（3区分）別人口及び年齢別割合（全国，都道府県）,0-14歳,21924045,36.701056846,０～14歳,人,pop_age3_longterm,0003410383,2026-09-07T12:32:07Z
aging_age_structure,1925,1925年,国勢調査・年齢3区分,国勢調査時点・非年次,総人口,国勢調査の年齢（3区分）別人口及び年齢別割合（全国，都道府県）,15-64歳,34791714,58.241655373,15～64歳,人,pop_age3_longterm,0003410383,2026-09-07T12:32:07Z
aging_age_structure,1925,1925年,国勢調査・年齢3区分,国勢調査時点・非年次,総人口,国勢調査の年齢（3区分）別人口及び年齢別割合（全国，都道府県）,65歳以上,3021063,5.057287781,65歳以上,人,pop_age3_longterm,0003410383,2026-09-07T12:32:07Z
aging_age_structure,1930,1930年,国勢調査・年齢3区分,国勢調査時点・非年次,総人口,国勢調査の年齢（3区分）別人口及び年齢別割合（全国，都道府県）,0-14歳,23579265,36.585357906,０～14歳,人,pop_age3_longterm,0003410383,2026-09-07T12:32:07Z
aging_age_structure,1930,1930年,国勢調査・年齢3区分,国勢調査時点・非年次,総人口,国勢調査の年齢（3区分）別人口及び年齢別割合（全国，都道府県）,15-64歳,37806865,58.660763486,15～64歳,人,pop_age3_longterm,0003410383,2026-09-07T12:32:07Z
aging_age_structure,1930,1930年,国勢調査・年齢3区分,国勢調査時点・非年次,総人口,国勢調査の年齢（3区分）別人口及び年齢別割合（全国，都道府県）,65歳以上,3063875,4.753878607,65歳以上,人,pop_age3_longterm,0003410383,2026-09-07T12:32:07Z
aging_age_structure,1935,1935年,国勢調査・年齢3区分,国勢調査時点・非年次,総人口,国勢調査の年齢（3区分）別人口及び年齢別割合（全国，都道府県）,0-14歳,25545167,36.886118359,０～14歳,人,pop_age3_longterm,0003410383,2026-09-07T12:32:07Z
aging_age_structure,1935,1935年,国勢調査・年齢3区分,国勢調査時点・非年次,総人口,国勢調査の年齢（3区分）別人口及び年齢別割合（全国，都道府県）,15-64歳,40484022,58.457180067,15～64歳,人,pop_age3_longterm,0003410383,2026-09-07T12:32:07Z
aging_age_structure,1935,1935年,国勢調査・年齢3区分,国勢調査時点・非年次,総人口,国勢調査の年齢（3区分）別人口及び年齢別割合（全国，都道府県）,65歳以上,3224959,4.656701574,65歳以上,人,pop_age3_longterm,0003410383,2026-09-07T12:32:07Z
aging_age_structure,1940,1940年,国勢調査・年齢3区分,国勢調査時点・非年次,総人口,国勢調査の年齢（3区分）別人口及び年齢別割合（全国，都道府県）,0-14歳,26368708,36.084409689,０～14歳,人,pop_age3_longterm,0003410383,2026-09-07T12:32:07Z
aging_age_structure,1940,1940年,国勢調査・年齢3区分,国勢調査時点・非年次,総人口,国勢調査の年齢（3区分）別人口及び年齢別割合（全国，都道府県）,15-64歳,43251699,59.188035548,15～64歳,人,pop_age3_longterm,0003410383,2026-09-07T12:32:07Z
aging_age_structure,1940,1940年,国勢調査・年齢3区分,国勢調査時点・非年次,総人口,国勢調査の年齢（3区分）別人口及び年齢別割合（全国，都道府県）,65歳以上,3453702,4.726238309,65歳以上,人,pop_age3_longterm,0003410383,2026-09-07T12:32:07Z
aging_age_structure,1945,1945年,国勢調査・年齢3区分,国勢調査時点・非年次,総人口,国勢調査の年齢（3区分）別人口及び年齢別割合（全国，都道府県）,0-14歳,26477086,36.774698956,０～14歳,人,pop_age3_longterm,0003410383,2026-09-07T12:32:07Z
aging_age_structure,1945,1945年,国勢調査・年齢3区分,国勢調査時点・非年次,総人口,国勢調査の年齢（3区分）別人口及び年齢別割合（全国，都道府県）,15-64歳,41820903,58.086117101,15～64歳,人,pop_age3_longterm,0003410383,2026-09-07T12:32:07Z
aging_age_structure,1945,1945年,国勢調査・年齢3区分,国勢調査時点・非年次,総人口,国勢調査の年齢（3区分）別人口及び年齢別割合（全国，都道府県）,65歳以上,3700115,5.139183943,65歳以上,人,pop_age3_longterm,0003410383,2026-09-07T12:32:07Z
aging_age_structure,1950,1950年,国勢調査・年齢3区分,国勢調査時点・非年次,総人口,国勢調査の年齢（3区分）別人口及び年齢別割合（全国，都道府県）,0-14歳,29786412,35.411713552,０～14歳,人,pop_age3_longterm,0003410383,2026-09-07T12:32:07Z
aging_age_structure,1950,1950年,国勢調査・年齢3区分,国勢調査時点・非年次,総人口,国勢調査の年齢（3区分）別人口及び年齢別割合（全国，都道府県）,15-64歳,50168312,59.642829553,15～64歳,人,pop_age3_longterm,0003410383,2026-09-07T12:32:07Z
aging_age_structure,1950,1950年,国勢調査・年齢3区分,国勢調査時点・非年次,総人口,国勢調査の年齢（3区分）別人口及び年齢別割合（全国，都道府県）,65歳以上,4155180,4.939904944,65歳以上,人,pop_age3_longterm,0003410383,2026-09-07T12:32:07Z
aging_age_structure,1955,1955年,国勢調査・年齢3区分,国勢調査時点・非年次,総人口,国勢調査の年齢（3区分）別人口及び年齢別割合（全国，都道府県）,0-14歳,30122897,33.441425416,０～14歳,人,pop_age3_longterm,0003410383,2026-09-07T12:32:07Z
aging_age_structure,1955,1955年,国勢調査・年齢3区分,国勢調査時点・非年次,総人口,国勢調査の年齢（3区分）別人口及び年齢別割合（全国，都道府県）,15-64歳,55166615,61.244117423,15～64歳,人,pop_age3_longterm,0003410383,2026-09-07T12:32:07Z
aging_age_structure,1955,1955年,国勢調査・年齢3区分,国勢調査時点・非年次,総人口,国勢調査の年齢（3区分）別人口及び年齢別割合（全国，都道府県）,65歳以上,4786199,5.313476884,65歳以上,人,pop_age3_longterm,0003410383,2026-09-07T12:32:07Z
aging_age_structure,1960,1960年,国勢調査・年齢3区分,国勢調査時点・非年次,総人口,国勢調査の年齢（3区分）別人口及び年齢別割合（全国，都道府県）,0-14歳,28434159,30.152353794,０～14歳,人,pop_age3_longterm,0003410383,2026-09-07T12:32:07Z
aging_age_structure,1960,1960年,国勢調査・年齢3区分,国勢調査時点・非年次,総人口,国勢調査の年齢（3区分）別人口及び年齢別割合（全国，都道府県）,15-64歳,60469355,64.123344940,15～64歳,人,pop_age3_longterm,0003410383,2026-09-07T12:32:07Z
aging_age_structure,1960,1960年,国勢調査・年齢3区分,国勢調査時点・非年次,総人口,国勢調査の年齢（3区分）別人口及び年齢別割合（全国，都道府県）,65歳以上,5397980,5.724164472,65歳以上,人,pop_age3_longterm,0003410383,2026-09-07T12:32:07Z
aging_age_structure,1965,1965年,国勢調査・年齢3区分,国勢調査時点・非年次,総人口,国勢調査の年齢（3区分）別人口及び年齢別割合（全国，都道府県）,0-14歳,25529230,25.732740725,０～14歳,人,pop_age3_longterm,0003410383,2026-09-07T12:32:07Z
aging_age_structure,1965,1965年,国勢調査・年齢3区分,国勢調査時点・非年次,総人口,国勢調査の年齢（3区分）別人口及び年齢別割合（全国，都道府県）,15-64歳,67444242,67.981885580,15～64歳,人,pop_age3_longterm,0003410383,2026-09-07T12:32:07Z
aging_age_structure,1965,1965年,国勢調査・年齢3区分,国勢調査時点・非年次,総人口,国勢調査の年齢（3区分）別人口及び年齢別割合（全国，都道府県）,65歳以上,6235614,6.285322288,65歳以上,人,pop_age3_longterm,0003410383,2026-09-07T12:32:07Z
aging_age_structure,1970,1970年,国勢調査・年齢3区分,国勢調査時点・非年次,総人口,国勢調査の年齢（3区分）別人口及び年齢別割合（全国，都道府県）,0-14歳,25152779,24.031660924,０～14歳,人,pop_age3_longterm,0003410383,2026-09-07T12:32:07Z
aging_age_structure,1970,1970年,国勢調査・年齢3区分,国勢調査時点・非年次,総人口,国勢調査の年齢（3区分）別人口及び年齢別割合（全国，都道府県）,15-64歳,72119100,68.904583359,15～64歳,人,pop_age3_longterm,0003410383,2026-09-07T12:32:07Z
aging_age_structure,1970,1970年,国勢調査・年齢3区分,国勢調査時点・非年次,総人口,国勢調査の年齢（3区分）別人口及び年齢別割合（全国，都道府県）,65歳以上,7393292,7.063755717,65歳以上,人,pop_age3_longterm,0003410383,2026-09-07T12:32:07Z
aging_age_structure,1975,1975年,国勢調査・年齢3区分,国勢調査時点・非年次,総人口,国勢調査の年齢（3区分）別人口及び年齢別割合（全国，都道府県）,0-14歳,27220692,24.317293919,０～14歳,人,pop_age3_longterm,0003410383,2026-09-07T12:32:07Z
aging_age_structure,1975,1975年,国勢調査・年齢3区分,国勢調査時点・非年次,総人口,国勢調査の年齢（3区分）別人口及び年齢別割合（全国，都道府県）,15-64歳,75807317,67.721599755,15～64歳,人,pop_age3_longterm,0003410383,2026-09-07T12:32:07Z
aging_age_structure,1975,1975年,国勢調査・年齢3区分,国勢調査時点・非年次,総人口,国勢調査の年齢（3区分）別人口及び年齢別割合（全国，都道府県）,65歳以上,8865429,7.919829617,65歳以上,人,pop_age3_longterm,0003410383,2026-09-07T12:32:07Z
aging_age_structure,1980,1980年,国勢調査・年齢3区分,国勢調査時点・非年次,総人口,国勢調査の年齢（3区分）別人口及び年齢別割合（全国，都道府県）,0-14歳,27507078,23.498193189,０～14歳,人,pop_age3_longterm,0003410383,2026-09-07T12:32:07Z
aging_age_structure,1980,1980年,国勢調査・年齢3区分,国勢調査時点・非年次,総人口,国勢調査の年齢（3区分）別人口及び年齢別割合（全国，都道府県）,15-64歳,78834599,67.345235190,15～64歳,人,pop_age3_longterm,0003410383,2026-09-07T12:32:07Z
aging_age_structure,1980,1980年,国勢調査・年齢3区分,国勢調査時点・非年次,総人口,国勢調査の年齢（3区分）別人口及び年齢別割合（全国，都道府県）,65歳以上,10647356,9.095609073,65歳以上,人,pop_age3_longterm,0003410383,2026-09-07T12:32:07Z
aging_age_structure,1985,1985年,国勢調査・年齢3区分,国勢調査時点・非年次,総人口,国勢調査の年齢（3区分）別人口及び年齢別割合（全国，都道府県）,0-14歳,26033218,21.506360697,０～14歳,人,pop_age3_longterm,0003410383,2026-09-07T12:32:07Z
aging_age_structure,1985,1985年,国勢調査・年齢3区分,国勢調査時点・非年次,総人口,国勢調査の年齢（3区分）別人口及び年齢別割合（全国，都道府県）,15-64歳,82506016,68.159231784,15～64歳,人,pop_age3_longterm,0003410383,2026-09-07T12:32:07Z
aging_age_structure,1985,1985年,国勢調査・年齢3区分,国勢調査時点・非年次,総人口,国勢調査の年齢（3区分）別人口及び年齢別割合（全国，都道府県）,65歳以上,12468343,10.300251081,65歳以上,人,pop_age3_longterm,0003410383,2026-09-07T12:32:07Z
aging_age_structure,1990,1990年,国勢調査・年齢3区分,国勢調査時点・非年次,総人口,国勢調査の年齢（3区分）別人口及び年齢別割合（全国，都道府県）,0-14歳,22486239,18.191106472,０～14歳,人,pop_age3_longterm,0003410383,2026-09-07T12:32:07Z
aging_age_structure,1990,1990年,国勢調査・年齢3区分,国勢調査時点・非年次,総人口,国勢調査の年齢（3区分）別人口及び年齢別割合（全国，都道府県）,15-64歳,85903976,69.495319950,15～64歳,人,pop_age3_longterm,0003410383,2026-09-07T12:32:07Z
aging_age_structure,1990,1990年,国勢調査・年齢3区分,国勢調査時点・非年次,総人口,国勢調査の年齢（3区分）別人口及び年齢別割合（全国，都道府県）,65歳以上,14894595,12.049554552,65歳以上,人,pop_age3_longterm,0003410383,2026-09-07T12:32:07Z
aging_age_structure,1995,1995年10月1日現在,確定値・各歳,年次,日本人人口,人口推計の総人口及び日本人人口（各歳・確定値、全国）,0-14歳,19888000,15.983540682,0歳|1歳|2歳|3歳|4歳|5歳|6歳|7歳|8歳|9歳|10歳|11歳|12歳|13歳|14歳,千人,pop_total_single_age_annual,0004029959,2026-09-07T12:32:07Z
aging_age_structure,1995,1995年10月1日現在,確定値・各歳,年次,日本人人口,人口推計の総人口及び日本人人口（各歳・確定値、全国）,15-64歳,86331000,69.382293374,15歳|16歳|17歳|18歳|19歳|20歳|21歳|22歳|23歳|24歳|25歳|26歳|27歳|28歳|29歳|30歳|31歳|32歳|33歳|34歳|35歳|36歳|37歳|38歳|39歳|40歳|41歳|42歳|43歳|44歳|45歳|46歳|47歳|48歳|49歳|50歳|51歳|52歳|53歳|54歳|55歳|56歳|57歳|58歳|59歳|60歳|61歳|62歳|63歳|64歳,千人,pop_total_single_age_annual,0004029959,2026-09-07T12:32:07Z
aging_age_structure,1995,1995年10月1日現在,確定値・各歳,年次,日本人人口,人口推計の総人口及び日本人人口（各歳・確定値、全国）,65歳以上,18210000,14.634969621,65歳|66歳|67歳|68歳|69歳|70歳|71歳|72歳|73歳|74歳|75歳|76歳|77歳|78歳|79歳|80歳|81歳|82歳|83歳|84歳|85歳|86歳|87歳|88歳|89歳|90歳以上,千人,pop_total_single_age_annual,0004029959,2026-09-07T12:32:07Z
aging_age_structure,1995,1995年10月1日現在,確定値・各歳,年次,総人口,人口推計の総人口及び日本人人口（各歳・確定値、全国）,0-14歳,20032000,15.952854981,0歳|1歳|2歳|3歳|4歳|5歳|6歳|7歳|8歳|9歳|10歳|11歳|12歳|13歳|14歳,千人,pop_total_single_age_annual,0004029959,2026-09-07T12:32:07Z
aging_age_structure,1995,1995年10月1日現在,確定値・各歳,年次,総人口,人口推計の総人口及び日本人人口（各歳・確定値、全国）,15-64歳,87258000,69.489527753,15歳|16歳|17歳|18歳|19歳|20歳|21歳|22歳|23歳|24歳|25歳|26歳|27歳|28歳|29歳|30歳|31歳|32歳|33歳|34歳|35歳|36歳|37歳|38歳|39歳|40歳|41歳|42歳|43歳|44歳|45歳|46歳|47歳|48歳|49歳|50歳|51歳|52歳|53歳|54歳|55歳|56歳|57歳|58歳|59歳|60歳|61歳|62歳|63歳|64歳,千人,pop_total_single_age_annual,0004029959,2026-09-07T12:32:07Z
aging_age_structure,1995,1995年10月1日現在,確定値・各歳,年次,総人口,人口推計の総人口及び日本人人口（各歳・確定値、全国）,65歳以上,18278000,14.556024528,65歳|66歳|67歳|68歳|69歳|70歳|71歳|72歳|73歳|74歳|75歳|76歳|77歳|78歳|79歳|80歳|81歳|82歳|83歳|84歳|85歳|86歳|87歳|88歳|89歳|90歳以上,千人,pop_total_single_age_annual,0004029959,2026-09-07T12:32:07Z
aging_age_structure,1996,1996年10月1日現在,確定値・各歳,年次,日本人人口,人口推計の総人口及び日本人人口（各歳・確定値、全国）,0-14歳,19542000,15.670079946,0歳|1歳|2歳|3歳|4歳|5歳|6歳|7歳|8歳|9歳|10歳|11歳|12歳|13歳|14歳,千人,pop_total_single_age_annual,0004029959,2026-09-07T12:32:07Z
aging_age_structure,1996,1996年10月1日現在,確定値・各歳,年次,日本人人口,人口推計の総人口及び日本人人口（各歳・確定値、全国）,15-64歳,86213000,69.131337754,15歳|16歳|17歳|18歳|19歳|20歳|21歳|22歳|23歳|24歳|25歳|26歳|27歳|28歳|29歳|30歳|31歳|32歳|33歳|34歳|35歳|36歳|37歳|38歳|39歳|40歳|41歳|42歳|43歳|44歳|45歳|46歳|47歳|48歳|49歳|50歳|51歳|52歳|53歳|54歳|55歳|56歳|57歳|58歳|59歳|60歳|61歳|62歳|63歳|64歳,千人,pop_total_single_age_annual,0004029959,2026-09-07T12:32:07Z
aging_age_structure,1996,1996年10月1日現在,確定値・各歳,年次,日本人人口,人口推計の総人口及び日本人人口（各歳・確定値、全国）,65歳以上,18949000,15.194572966,65歳|66歳|67歳|68歳|69歳|70歳|71歳|72歳|73歳|74歳|75歳|76歳|77歳|78歳|79歳|80歳|81歳|82歳|83歳|84歳|85歳|86歳|87歳|88歳|89歳|90歳以上,千人,pop_total_single_age_annual,0004029959,2026-09-07T12:32:07Z
aging_age_structure,1996,1996年10月1日現在,確定値・各歳,年次,総人口,人口推計の総人口及び日本人人口（各歳・確定値、全国）,0-14歳,19685000,15.639897032,0歳|1歳|2歳|3歳|4歳|5歳|6歳|7歳|8歳|9歳|10歳|11歳|12歳|13歳|14歳,千人,pop_total_single_age_annual,0004029959,2026-09-07T12:32:07Z
aging_age_structure,1996,1996年10月1日現在,確定値・各歳,年次,総人口,人口推計の総人口及び日本人人口（各歳・確定値、全国）,15-64歳,87159000,69.248553995,15歳|16歳|17歳|18歳|19歳|20歳|21歳|22歳|23歳|24歳|25歳|26歳|27歳|28歳|29歳|30歳|31歳|32歳|33歳|34歳|35歳|36歳|37歳|38歳|39歳|40歳|41歳|42歳|43歳|44歳|45歳|46歳|47歳|48歳|49歳|50歳|51歳|52歳|53歳|54歳|55歳|56歳|57歳|58歳|59歳|60歳|61歳|62歳|63歳|64歳,千人,pop_total_single_age_annual,0004029959,2026-09-07T12:32:07Z
aging_age_structure,1996,1996年10月1日現在,確定値・各歳,年次,総人口,人口推計の総人口及び日本人人口（各歳・確定値、全国）,65歳以上,19016000,15.108370940,65歳|66歳|67歳|68歳|69歳|70歳|71歳|72歳|73歳|74歳|75歳|76歳|77歳|78歳|79歳|80歳|81歳|82歳|83歳|84歳|85歳|86歳|87歳|88歳|89歳|90歳以上,千人,pop_total_single_age_annual,0004029959,2026-09-07T12:32:07Z
aging_age_structure,1997,1997年10月1日現在,確定値・各歳,年次,日本人人口,人口推計の総人口及び日本人人口（各歳・確定値、全国）,0-14歳,19215000,15.376551459,0歳|1歳|2歳|3歳|4歳|5歳|6歳|7歳|8歳|9歳|10歳|11歳|12歳|13歳|14歳,千人,pop_total_single_age_annual,0004029959,2026-09-07T12:32:07Z
aging_age_structure,1997,1997年10月1日現在,確定値・各歳,年次,日本人人口,人口推計の総人口及び日本人人口（各歳・確定値、全国）,15-64歳,86059000,68.867584805,15歳|16歳|17歳|18歳|19歳|20歳|21歳|22歳|23歳|24歳|25歳|26歳|27歳|28歳|29歳|30歳|31歳|32歳|33歳|34歳|35歳|36歳|37歳|38歳|39歳|40歳|41歳|42歳|43歳|44歳|45歳|46歳|47歳|48歳|49歳|50歳|51歳|52歳|53歳|54歳|55歳|56歳|57歳|58歳|59歳|60歳|61歳|62歳|63歳|64歳,千人,pop_total_single_age_annual,0004029959,2026-09-07T12:32:07Z
aging_age_structure,1997,1997年10月1日現在,確定値・各歳,年次,日本人人口,人口推計の総人口及び日本人人口（各歳・確定値、全国）,65歳以上,19688000,15.755063499,65歳|66歳|67歳|68歳|69歳|70歳|71歳|72歳|73歳|74歳|75歳|76歳|77歳|78歳|79歳|80歳|81歳|82歳|83歳|84歳|85歳|86歳|87歳|88歳|89歳|90歳以上,千人,pop_total_single_age_annual,0004029959,2026-09-07T12:32:07Z
aging_age_structure,1997,1997年10月1日現在,確定値・各歳,年次,総人口,人口推計の総人口及び日本人人口（各歳・確定値、全国）,0-14歳,19366000,15.349618756,0歳|1歳|2歳|3歳|4歳|5歳|6歳|7歳|8歳|9歳|10歳|11歳|12歳|13歳|14歳,千人,pop_total_single_age_annual,0004029959,2026-09-07T12:32:07Z
aging_age_structure,1997,1997年10月1日現在,確定値・各歳,年次,総人口,人口推計の総人口及び日本人人口（各歳・確定値、全国）,15-64歳,87043000,68.990853320,15歳|16歳|17歳|18歳|19歳|20歳|21歳|22歳|23歳|24歳|25歳|26歳|27歳|28歳|29歳|30歳|31歳|32歳|33歳|34歳|35歳|36歳|37歳|38歳|39歳|40歳|41歳|42歳|43歳|44歳|45歳|46歳|47歳|48歳|49歳|50歳|51歳|52歳|53歳|54歳|55歳|56歳|57歳|58歳|59歳|60歳|61歳|62歳|63歳|64歳,千人,pop_total_single_age_annual,0004029959,2026-09-07T12:32:07Z
aging_age_structure,1997,1997年10月1日現在,確定値・各歳,年次,総人口,人口推計の総人口及び日本人人口（各歳・確定値、全国）,65歳以上,19759000,15.661113137,65歳|66歳|67歳|68歳|69歳|70歳|71歳|72歳|73歳|74歳|75歳|76歳|77歳|78歳|79歳|80歳|81歳|82歳|83歳|84歳|85歳|86歳|87歳|88歳|89歳|90歳以上,千人,pop_total_single_age_annual,0004029959,2026-09-07T12:32:07Z
aging_age_structure,1998,1998年10月1日現在,確定値・各歳,年次,日本人人口,人口推計の総人口及び日本人人口（各歳・確定値、全国）,0-14歳,18904000,15.092772970,0歳|1歳|2歳|3歳|4歳|5歳|6歳|7歳|8歳|9歳|10歳|11歳|12歳|13歳|14歳,千人,pop_total_single_age_annual,0004029959,2026-09-07T12:32:07Z
aging_age_structure,1998,1998年10月1日現在,確定値・各歳,年次,日本人人口,人口推計の総人口及び日本人人口（各歳・確定値、全国）,15-64歳,85910000,68.589723118,15歳|16歳|17歳|18歳|19歳|20歳|21歳|22歳|23歳|24歳|25歳|26歳|27歳|28歳|29歳|30歳|31歳|32歳|33歳|34歳|35歳|36歳|37歳|38歳|39歳|40歳|41歳|42歳|43歳|44歳|45歳|46歳|47歳|48歳|49歳|50歳|51歳|52歳|53歳|54歳|55歳|56歳|57歳|58歳|59歳|60歳|61歳|62歳|63歳|64歳,千人,pop_total_single_age_annual,0004029959,2026-09-07T12:32:07Z
aging_age_structure,1998,1998年10月1日現在,確定値・各歳,年次,日本人人口,人口推計の総人口及び日本人人口（各歳・確定値、全国）,65歳以上,20439000,16.318302303,65歳|66歳|67歳|68歳|69歳|70歳|71歳|72歳|73歳|74歳|75歳|76歳|77歳|78歳|79歳|80歳|81歳|82歳|83歳|84歳|85歳|86歳|87歳|88歳|89歳|90歳以上,千人,pop_total_single_age_annual,0004029959,2026-09-07T12:32:07Z
aging_age_structure,1998,1998年10月1日現在,確定値・各歳,年次,総人口,人口推計の総人口及び日本人人口（各歳・確定値、全国）,0-14歳,19059000,15.068070775,0歳|1歳|2歳|3歳|4歳|5歳|6歳|7歳|8歳|9歳|10歳|11歳|12歳|13歳|14歳,千人,pop_total_single_age_annual,0004029959,2026-09-07T12:32:07Z
aging_age_structure,1998,1998年10月1日現在,確定値・各歳,年次,総人口,人口推計の総人口及び日本人人口（各歳・確定値、全国）,15-64歳,86922000,68.720648926,15歳|16歳|17歳|18歳|19歳|20歳|21歳|22歳|23歳|24歳|25歳|26歳|27歳|28歳|29歳|30歳|31歳|32歳|33歳|34歳|35歳|36歳|37歳|38歳|39歳|40歳|41歳|42歳|43歳|44歳|45歳|46歳|47歳|48歳|49歳|50歳|51歳|52歳|53歳|54歳|55歳|56歳|57歳|58歳|59歳|60歳|61歳|62歳|63歳|64歳,千人,pop_total_single_age_annual,0004029959,2026-09-07T12:32:07Z
aging_age_structure,1998,1998年10月1日現在,確定値・各歳,年次,総人口,人口推計の総人口及び日本人人口（各歳・確定値、全国）,65歳以上,20510000,16.215233306,65歳|66歳|67歳|68歳|69歳|70歳|71歳|72歳|73歳|74歳|75歳|76歳|77歳|78歳|79歳|80歳|81歳|82歳|83歳|84歳|85歳|86歳|87歳|88歳|89歳|90歳以上,千人,pop_total_single_age_annual,0004029959,2026-09-07T12:32:07Z
aging_age_structure,1999,1999年10月1日現在,確定値・各歳,年次,日本人人口,人口推計の総人口及び日本人人口（各歳・確定値、全国）,0-14歳,18590000,14.820779386,0歳|1歳|2歳|3歳|4歳|5歳|6歳|7歳|8歳|9歳|10歳|11歳|12歳|13歳|14歳,千人,pop_total_single_age_annual,0004029959,2026-09-07T12:32:07Z
aging_age_structure,1999,1999年10月1日現在,確定値・各歳,年次,日本人人口,人口推計の総人口及び日本人人口（各歳・確定値、全国）,15-64歳,85731000,68.348587282,15歳|16歳|17歳|18歳|19歳|20歳|21歳|22歳|23歳|24歳|25歳|26歳|27歳|28歳|29歳|30歳|31歳|32歳|33歳|34歳|35歳|36歳|37歳|38歳|39歳|40歳|41歳|42歳|43歳|44歳|45歳|46歳|47歳|48歳|49歳|50歳|51歳|52歳|53歳|54歳|55歳|56歳|57歳|58歳|59歳|60歳|61歳|62歳|63歳|64歳,千人,pop_total_single_age_annual,0004029959,2026-09-07T12:32:07Z
aging_age_structure,1999,1999年10月1日現在,確定値・各歳,年次,日本人人口,人口推計の総人口及び日本人人口（各歳・確定値、全国）,65歳以上,21115000,16.833822310,65歳|66歳|67歳|68歳|69歳|70歳|71歳|72歳|73歳|74歳|75歳|76歳|77歳|78歳|79歳|80歳|81歳|82歳|83歳|84歳|85歳|86歳|87歳|88歳|89歳|90歳以上,千人,pop_total_single_age_annual,0004029959,2026-09-07T12:32:07Z
aging_age_structure,1999,1999年10月1日現在,確定値・各歳,年次,総人口,人口推計の総人口及び日本人人口（各歳・確定値、全国）,0-14歳,18741000,14.793268396,0歳|1歳|2歳|3歳|4歳|5歳|6歳|7歳|8歳|9歳|10歳|11歳|12歳|13歳|14歳,千人,pop_total_single_age_annual,0004029959,2026-09-07T12:32:07Z
aging_age_structure,1999,1999年10月1日現在,確定値・各歳,年次,総人口,人口推計の総人口及び日本人人口（各歳・確定値、全国）,15-64歳,86758000,68.482705271,15歳|16歳|17歳|18歳|19歳|20歳|21歳|22歳|23歳|24歳|25歳|26歳|27歳|28歳|29歳|30歳|31歳|32歳|33歳|34歳|35歳|36歳|37歳|38歳|39歳|40歳|41歳|42歳|43歳|44歳|45歳|46歳|47歳|48歳|49歳|50歳|51歳|52歳|53歳|54歳|55歳|56歳|57歳|58歳|59歳|60歳|61歳|62歳|63歳|64歳,千人,pop_total_single_age_annual,0004029959,2026-09-07T12:32:07Z
aging_age_structure,1999,1999年10月1日現在,確定値・各歳,年次,総人口,人口推計の総人口及び日本人人口（各歳・確定値、全国）,65歳以上,21187000,16.724026333,65歳|66歳|67歳|68歳|69歳|70歳|71歳|72歳|73歳|74歳|75歳|76歳|77歳|78歳|79歳|80歳|81歳|82歳|83歳|84歳|85歳|86歳|87歳|88歳|89歳|90歳以上,千人,pop_total_single_age_annual,0004029959,2026-09-07T12:32:07Z
aging_age_structure,2000,2000年10月1日現在,確定値・各歳,年次,日本人人口,人口推計の総人口及び日本人人口（各歳・確定値、全国）,0-14歳,18351000,14.609156696,0歳|1歳|2歳|3歳|4歳|5歳|6歳|7歳|8歳|9歳|10歳|11歳|12歳|13歳|14歳,千人,pop_total_single_age_annual,0004018845,2026-09-07T12:32:07Z
aging_age_structure,2000,2000年10月1日現在,確定値・各歳,年次,日本人人口,人口推計の総人口及び日本人人口（各歳・確定値、全国）,15-64歳,85299000,67.906188054,15歳|16歳|17歳|18歳|19歳|20歳|21歳|22歳|23歳|24歳|25歳|26歳|27歳|28歳|29歳|30歳|31歳|32歳|33歳|34歳|35歳|36歳|37歳|38歳|39歳|40歳|41歳|42歳|43歳|44歳|45歳|46歳|47歳|48歳|49歳|50歳|51歳|52歳|53歳|54歳|55歳|56歳|57歳|58歳|59歳|60歳|61歳|62歳|63歳|64歳,千人,pop_total_single_age_annual,0004018845,2026-09-07T12:32:07Z
aging_age_structure,2000,2000年10月1日現在,確定値・各歳,年次,日本人人口,人口推計の総人口及び日本人人口（各歳・確定値、全国）,65歳以上,21961000,17.483063059,65歳|66歳|67歳|68歳|69歳|70歳|71歳|72歳|73歳|74歳|75歳|76歳|77歳|78歳|79歳|80歳|81歳|82歳|83歳|84歳|85歳|86歳|87歳|88歳|89歳|90歳以上,千人,pop_total_single_age_annual,0004018845,2026-09-07T12:32:07Z
aging_age_structure,2000,2000年10月1日現在,確定値・各歳,年次,総人口,人口推計の総人口及び日本人人口（各歳・確定値、全国）,0-14歳,18505000,14.579361203,0歳|1歳|2歳|3歳|4歳|5歳|6歳|7歳|8歳|9歳|10歳|11歳|12歳|13歳|14歳,千人,pop_total_single_age_annual,0004018845,2026-09-07T12:32:07Z
aging_age_structure,2000,2000年10月1日現在,確定値・各歳,年次,総人口,人口推計の総人口及び日本人人口（各歳・確定値、全国）,15-64歳,86381000,68.056190221,15歳|16歳|17歳|18歳|19歳|20歳|21歳|22歳|23歳|24歳|25歳|26歳|27歳|28歳|29歳|30歳|31歳|32歳|33歳|34歳|35歳|36歳|37歳|38歳|39歳|40歳|41歳|42歳|43歳|44歳|45歳|46歳|47歳|48歳|49歳|50歳|51歳|52歳|53歳|54歳|55歳|56歳|57歳|58歳|59歳|60歳|61歳|62歳|63歳|64歳,千人,pop_total_single_age_annual,0004018845,2026-09-07T12:32:07Z
aging_age_structure,2000,2000年10月1日現在,確定値・各歳,年次,総人口,人口推計の総人口及び日本人人口（各歳・確定値、全国）,65歳以上,22044000,17.367600019,65歳|66歳|67歳|68歳|69歳|70歳|71歳|72歳|73歳|74歳|75歳|76歳|77歳|78歳|79歳|80歳|81歳|82歳|83歳|84歳|85歳|86歳|87歳|88歳|89歳|90歳以上,千人,pop_total_single_age_annual,0004018845,2026-09-07T12:32:07Z
aging_age_structure,2001,2001年10月1日現在,確定値・各歳,年次,日本人人口,人口推計の総人口及び日本人人口（各歳・確定値、全国）,0-14歳,18128000,14.397814277,0歳|1歳|2歳|3歳|4歳|5歳|6歳|7歳|8歳|9歳|10歳|11歳|12歳|13歳|14歳,千人,pop_total_single_age_annual,0004018845,2026-09-07T12:32:07Z
aging_age_structure,2001,2001年10月1日現在,確定値・各歳,年次,日本人人口,人口推計の総人口及び日本人人口（各歳・確定値、全国）,15-64歳,84994000,67.504844807,15歳|16歳|17歳|18歳|19歳|20歳|21歳|22歳|23歳|24歳|25歳|26歳|27歳|28歳|29歳|30歳|31歳|32歳|33歳|34歳|35歳|36歳|37歳|38歳|39歳|40歳|41歳|42歳|43歳|44歳|45歳|46歳|47歳|48歳|49歳|50歳|51歳|52歳|53歳|54歳|55歳|56歳|57歳|58歳|59歳|60歳|61歳|62歳|63歳|64歳,千人,pop_total_single_age_annual,0004018845,2026-09-07T12:32:07Z
aging_age_structure,2001,2001年10月1日現在,確定値・各歳,年次,日本人人口,人口推計の総人口及び日本人人口（各歳・確定値、全国）,65歳以上,22788000,18.098929377,65歳|66歳|67歳|68歳|69歳|70歳|71歳|72歳|73歳|74歳|75歳|76歳|77歳|78歳|79歳|80歳|81歳|82歳|83歳|84歳|85歳|86歳|87歳|88歳|89歳|90歳以上,千人,pop_total_single_age_annual,0004018845,2026-09-07T12:32:07Z
aging_age_structure,2001,2001年10月1日現在,確定値・各歳,年次,総人口,人口推計の総人口及び日本人人口（各歳・確定値、全国）,0-14歳,18284000,14.363937749,0歳|1歳|2歳|3歳|4歳|5歳|6歳|7歳|8歳|9歳|10歳|11歳|12歳|13歳|14歳,千人,pop_total_single_age_annual,0004018845,2026-09-07T12:32:07Z
aging_age_structure,2001,2001年10月1日現在,確定値・各歳,年次,総人口,人口推計の総人口及び日本人人口（各歳・確定値、全国）,15-64歳,86141000,67.672498448,15歳|16歳|17歳|18歳|19歳|20歳|21歳|22歳|23歳|24歳|25歳|26歳|27歳|28歳|29歳|30歳|31歳|32歳|33歳|34歳|35歳|36歳|37歳|38歳|39歳|40歳|41歳|42歳|43歳|44歳|45歳|46歳|47歳|48歳|49歳|50歳|51歳|52歳|53歳|54歳|55歳|56歳|57歳|58歳|59歳|60歳|61歳|62歳|63歳|64歳,千人,pop_total_single_age_annual,0004018845,2026-09-07T12:32:07Z
aging_age_structure,2001,2001年10月1日現在,確定値・各歳,年次,総人口,人口推計の総人口及び日本人人口（各歳・確定値、全国）,65歳以上,22867000,17.964349404,65歳|66歳|67歳|68歳|69歳|70歳|71歳|72歳|73歳|74歳|75歳|76歳|77歳|78歳|79歳|80歳|81歳|82歳|83歳|84歳|85歳|86歳|87歳|88歳|89歳|90歳以上,千人,pop_total_single_age_annual,0004018845,2026-09-07T12:32:07Z
aging_age_structure,2002,2002年10月1日現在,確定値・各歳,年次,日本人人口,人口推計の総人口及び日本人人口（各歳・確定値、全国）,0-14歳,17950000,14.245127294,0歳|1歳|2歳|3歳|4歳|5歳|6歳|7歳|8歳|9歳|10歳|11歳|12歳|13歳|14歳,千人,pop_total_single_age_annual,0004018845,2026-09-07T12:32:07Z
aging_age_structure,2002,2002年10月1日現在,確定値・各歳,年次,日本人人口,人口推計の総人口及び日本人人口（各歳・確定値、全国）,15-64歳,84514000,67.070344740,15歳|16歳|17歳|18歳|19歳|20歳|21歳|22歳|23歳|24歳|25歳|26歳|27歳|28歳|29歳|30歳|31歳|32歳|33歳|34歳|35歳|36歳|37歳|38歳|39歳|40歳|41歳|42歳|43歳|44歳|45歳|46歳|47歳|48歳|49歳|50歳|51歳|52歳|53歳|54歳|55歳|56歳|57歳|58歳|59歳|60歳|61歳|62歳|63歳|64歳,千人,pop_total_single_age_annual,0004018845,2026-09-07T12:32:07Z
aging_age_structure,2002,2002年10月1日現在,確定値・各歳,年次,日本人人口,人口推計の総人口及び日本人人口（各歳・確定値、全国）,65歳以上,23547000,18.686908768,65歳|66歳|67歳|68歳|69歳|70歳|71歳|72歳|73歳|74歳|75歳|76歳|77歳|78歳|79歳|80歳|81歳|82歳|83歳|84歳|85歳|86歳|87歳|88歳|89歳|90歳以上,千人,pop_total_single_age_annual,0004018845,2026-09-07T12:32:07Z
aging_age_structure,2002,2002年10月1日現在,確定値・各歳,年次,総人口,人口推計の総人口及び日本人人口（各歳・確定値、全国）,0-14歳,18103000,14.205673481,0歳|1歳|2歳|3歳|4歳|5歳|6歳|7歳|8歳|9歳|10歳|11歳|12歳|13歳|14歳,千人,pop_total_single_age_annual,0004018845,2026-09-07T12:32:07Z
aging_age_structure,2002,2002年10月1日現在,確定値・各歳,年次,総人口,人口推計の総人口及び日本人人口（各歳・確定値、全国）,15-64歳,85702000,67.251540001,15歳|16歳|17歳|18歳|19歳|20歳|21歳|22歳|23歳|24歳|25歳|26歳|27歳|28歳|29歳|30歳|31歳|32歳|33歳|34歳|35歳|36歳|37歳|38歳|39歳|40歳|41歳|42歳|43歳|44歳|45歳|46歳|47歳|48歳|49歳|50歳|51歳|52歳|53歳|54歳|55歳|56歳|57歳|58歳|59歳|60歳|61歳|62歳|63歳|64歳,千人,pop_total_single_age_annual,0004018845,2026-09-07T12:32:07Z
aging_age_structure,2002,2002年10月1日現在,確定値・各歳,年次,総人口,人口推計の総人口及び日本人人口（各歳・確定値、全国）,65歳以上,23629000,18.542001805,65歳|66歳|67歳|68歳|69歳|70歳|71歳|72歳|73歳|74歳|75歳|76歳|77歳|78歳|79歳|80歳|81歳|82歳|83歳|84歳|85歳|86歳|87歳|88歳|89歳|90歳以上,千人,pop_total_single_age_annual,0004018845,2026-09-07T12:32:07Z
aging_age_structure,2003,2003年10月1日現在,確定値・各歳,年次,日本人人口,人口推計の総人口及び日本人人口（各歳・確定値、全国）,0-14歳,17753000,14.074156288,0歳|1歳|2歳|3歳|4歳|5歳|6歳|7歳|8歳|9歳|10歳|11歳|12歳|13歳|14歳,千人,pop_total_single_age_annual,0004018845,2026-09-07T12:32:07Z
aging_age_structure,2003,2003年10月1日現在,確定値・各歳,年次,日本人人口,人口推計の総人口及び日本人人口（各歳・確定値、全国）,15-64歳,84166000,66.724803590,15歳|16歳|17歳|18歳|19歳|20歳|21歳|22歳|23歳|24歳|25歳|26歳|27歳|28歳|29歳|30歳|31歳|32歳|33歳|34歳|35歳|36歳|37歳|38歳|39歳|40歳|41歳|42歳|43歳|44歳|45歳|46歳|47歳|48歳|49歳|50歳|51歳|52歳|53歳|54歳|55歳|56歳|57歳|58歳|59歳|60歳|61歳|62歳|63歳|64歳,千人,pop_total_single_age_annual,0004018845,2026-09-07T12:32:07Z
aging_age_structure,2003,2003年10月1日現在,確定値・各歳,年次,日本人人口,人口推計の総人口及び日本人人口（各歳・確定値、全国）,65歳以上,24225000,19.205004004,65歳|66歳|67歳|68歳|69歳|70歳|71歳|72歳|73歳|74歳|75歳|76歳|77歳|78歳|79歳|80歳|81歳|82歳|83歳|84歳|85歳|86歳|87歳|88歳|89歳|90歳以上,千人,pop_total_single_age_annual,0004018845,2026-09-07T12:32:07Z
aging_age_structure,2003,2003年10月1日現在,確定値・各歳,年次,総人口,人口推計の総人口及び日本人人口（各歳・確定値、全国）,0-14歳,17906000,14.030826131,0歳|1歳|2歳|3歳|4歳|5歳|6歳|7歳|8歳|9歳|10歳|11歳|12歳|13歳|14歳,千人,pop_total_single_age_annual,0004018845,2026-09-07T12:32:07Z
aging_age_structure,2003,2003年10月1日現在,確定値・各歳,年次,総人口,人口推計の総人口及び日本人人口（各歳・確定値、全国）,15-64歳,85405000,66.921853329,15歳|16歳|17歳|18歳|19歳|20歳|21歳|22歳|23歳|24歳|25歳|26歳|27歳|28歳|29歳|30歳|31歳|32歳|33歳|34歳|35歳|36歳|37歳|38歳|39歳|40歳|41歳|42歳|43歳|44歳|45歳|46歳|47歳|48歳|49歳|50歳|51歳|52歳|53歳|54歳|55歳|56歳|57歳|58歳|59歳|60歳|61歳|62歳|63歳|64歳,千人,pop_total_single_age_annual,0004018845,2026-09-07T12:32:07Z
aging_age_structure,2003,2003年10月1日現在,確定値・各歳,年次,総人口,人口推計の総人口及び日本人人口（各歳・確定値、全国）,65歳以上,24310000,19.048887705,65歳|66歳|67歳|68歳|69歳|70歳|71歳|72歳|73歳|74歳|75歳|76歳|77歳|78歳|79歳|80歳|81歳|82歳|83歳|84歳|85歳|86歳|87歳|88歳|89歳|90歳以上,千人,pop_total_single_age_annual,0004018845,2026-09-07T12:32:07Z
aging_age_structure,2004,2004年10月1日現在,確定値・各歳,年次,日本人人口,人口推計の総人口及び日本人人口（各歳・確定値、全国）,0-14歳,17582000,13.934504185,0歳|1歳|2歳|3歳|4歳|5歳|6歳|7歳|8歳|9歳|10歳|11歳|12歳|13歳|14歳,千人,pop_total_single_age_annual,0004018845,2026-09-07T12:32:07Z
aging_age_structure,2004,2004年10月1日現在,確定値・各歳,年次,日本人人口,人口推計の総人口及び日本人人口（各歳・確定値、全国）,15-64歳,83810000,66.423091555,15歳|16歳|17歳|18歳|19歳|20歳|21歳|22歳|23歳|24歳|25歳|26歳|27歳|28歳|29歳|30歳|31歳|32歳|33歳|34歳|35歳|36歳|37歳|38歳|39歳|40歳|41歳|42歳|43歳|44歳|45歳|46歳|47歳|48歳|49歳|50歳|51歳|52歳|53歳|54歳|55歳|56歳|57歳|58歳|59歳|60歳|61歳|62歳|63歳|64歳,千人,pop_total_single_age_annual,0004018845,2026-09-07T12:32:07Z
aging_age_structure,2004,2004年10月1日現在,確定値・各歳,年次,日本人人口,人口推計の総人口及び日本人人口（各歳・確定値、全国）,65歳以上,24787000,19.644781892,65歳|66歳|67歳|68歳|69歳|70歳|71歳|72歳|73歳|74歳|75歳|76歳|77歳|78歳|79歳|80歳|81歳|82歳|83歳|84歳|85歳|86歳|87歳|88歳|89歳|90歳以上,千人,pop_total_single_age_annual,0004018845,2026-09-07T12:32:07Z
aging_age_structure,2004,2004年10月1日現在,確定値・各歳,年次,総人口,人口推計の総人口及び日本人人口（各歳・確定値、全国）,0-14歳,17734000,13.888649588,0歳|1歳|2歳|3歳|4歳|5歳|6歳|7歳|8歳|9歳|10歳|11歳|12歳|13歳|14歳,千人,pop_total_single_age_annual,0004018845,2026-09-07T12:32:07Z
aging_age_structure,2004,2004年10月1日現在,確定値・各歳,年次,総人口,人口推計の総人口及び日本人人口（各歳・確定値、全国）,15-64歳,85077000,66.629335798,15歳|16歳|17歳|18歳|19歳|20歳|21歳|22歳|23歳|24歳|25歳|26歳|27歳|28歳|29歳|30歳|31歳|32歳|33歳|34歳|35歳|36歳|37歳|38歳|39歳|40歳|41歳|42歳|43歳|44歳|45歳|46歳|47歳|48歳|49歳|50歳|51歳|52歳|53歳|54歳|55歳|56歳|57歳|58歳|59歳|60歳|61歳|62歳|63歳|64歳,千人,pop_total_single_age_annual,0004018845,2026-09-07T12:32:07Z
aging_age_structure,2004,2004年10月1日現在,確定値・各歳,年次,総人口,人口推計の総人口及び日本人人口（各歳・確定値、全国）,65歳以上,24878000,19.483580944,65歳|66歳|67歳|68歳|69歳|70歳|71歳|72歳|73歳|74歳|75歳|76歳|77歳|78歳|79歳|80歳|81歳|82歳|83歳|84歳|85歳|86歳|87歳|88歳|89歳|90歳以上,千人,pop_total_single_age_annual,0004018845,2026-09-07T12:32:07Z
aging_age_structure,2005,2005年10月1日現在,確定値・各歳,年次,日本人人口,人口推計の総人口及び日本人人口（各歳・確定値、全国）,0-14歳,17438000,13.817202171,0歳|1歳|2歳|3歳|4歳|5歳|6歳|7歳|8歳|9歳|10歳|11歳|12歳|13歳|14歳,千人,pop_total_single_age_annual,0004010040,2026-09-07T12:32:07Z
aging_age_structure,2005,2005年10月1日現在,確定値・各歳,年次,日本人人口,人口推計の総人口及び日本人人口（各歳・確定値、全国）,15-64歳,83112000,65.854760113,15歳|16歳|17歳|18歳|19歳|20歳|21歳|22歳|23歳|24歳|25歳|26歳|27歳|28歳|29歳|30歳|31歳|32歳|33歳|34歳|35歳|36歳|37歳|38歳|39歳|40歳|41歳|42歳|43歳|44歳|45歳|46歳|47歳|48歳|49歳|50歳|51歳|52歳|53歳|54歳|55歳|56歳|57歳|58歳|59歳|60歳|61歳|62歳|63歳|64歳,千人,pop_total_single_age_annual,0004010040,2026-09-07T12:32:07Z
aging_age_structure,2005,2005年10月1日現在,確定値・各歳,年次,日本人人口,人口推計の総人口及び日本人人口（各歳・確定値、全国）,65歳以上,25659000,20.331207163,65歳|66歳|67歳|68歳|69歳|70歳|71歳|72歳|73歳|74歳|75歳|76歳|77歳|78歳|79歳|80歳|81歳|82歳|83歳|84歳|85歳|86歳|87歳|88歳|89歳|90歳|91歳|92歳|93歳|94歳|95歳|96歳|97歳|98歳|99歳|100歳以上,千人,pop_total_single_age_annual,0004010040,2026-09-07T12:32:07Z
aging_age_structure,2005,2005年10月1日現在,確定値・各歳,年次,総人口,人口推計の総人口及び日本人人口（各歳・確定値、全国）,0-14歳,17586000,13.764009768,0歳|1歳|2歳|3歳|4歳|5歳|6歳|7歳|8歳|9歳|10歳|11歳|12歳|13歳|14歳,千人,pop_total_single_age_annual,0004010040,2026-09-07T12:32:07Z
aging_age_structure,2005,2005年10月1日現在,確定値・各歳,年次,総人口,人口推計の総人口及び日本人人口（各歳・確定値、全国）,15-64歳,84421000,66.073664767,15歳|16歳|17歳|18歳|19歳|20歳|21歳|22歳|23歳|24歳|25歳|26歳|27歳|28歳|29歳|30歳|31歳|32歳|33歳|34歳|35歳|36歳|37歳|38歳|39歳|40歳|41歳|42歳|43歳|44歳|45歳|46歳|47歳|48歳|49歳|50歳|51歳|52歳|53歳|54歳|55歳|56歳|57歳|58歳|59歳|60歳|61歳|62歳|63歳|64歳,千人,pop_total_single_age_annual,0004010040,2026-09-07T12:32:07Z
aging_age_structure,2005,2005年10月1日現在,確定値・各歳,年次,総人口,人口推計の総人口及び日本人人口（各歳・確定値、全国）,65歳以上,25759000,20.160760128,65歳|66歳|67歳|68歳|69歳|70歳|71歳|72歳|73歳|74歳|75歳|76歳|77歳|78歳|79歳|80歳|81歳|82歳|83歳|84歳|85歳|86歳|87歳|88歳|89歳|90歳|91歳|92歳|93歳|94歳|95歳|96歳|97歳|98歳|99歳|100歳以上,千人,pop_total_single_age_annual,0004010040,2026-09-07T12:32:07Z
aging_age_structure,2006,2006年10月1日現在,確定値・各歳,年次,日本人人口,人口推計の総人口及び日本人人口（各歳・確定値、全国）,0-14歳,17286000,13.702300363,0歳|1歳|2歳|3歳|4歳|5歳|6歳|7歳|8歳|9歳|10歳|11歳|12歳|13歳|14歳,千人,pop_total_single_age_annual,0004010040,2026-09-07T12:32:07Z
aging_age_structure,2006,2006年10月1日現在,確定値・各歳,年次,日本人人口,人口推計の総人口及び日本人人口（各歳・確定値、全国）,15-64歳,82378000,65.299554513,15歳|16歳|17歳|18歳|19歳|20歳|21歳|22歳|23歳|24歳|25歳|26歳|27歳|28歳|29歳|30歳|31歳|32歳|33歳|34歳|35歳|36歳|37歳|38歳|39歳|40歳|41歳|42歳|43歳|44歳|45歳|46歳|47歳|48歳|49歳|50歳|51歳|52歳|53歳|54歳|55歳|56歳|57歳|58歳|59歳|60歳|61歳|62歳|63歳|64歳,千人,pop_total_single_age_annual,0004010040,2026-09-07T12:32:07Z
aging_age_structure,2006,2006年10月1日現在,確定値・各歳,年次,日本人人口,人口推計の総人口及び日本人人口（各歳・確定値、全国）,65歳以上,26492000,20.999730488,65歳|66歳|67歳|68歳|69歳|70歳|71歳|72歳|73歳|74歳|75歳|76歳|77歳|78歳|79歳|80歳|81歳|82歳|83歳|84歳|85歳|86歳|87歳|88歳|89歳|90歳|91歳|92歳|93歳|94歳|95歳|96歳|97歳|98歳|99歳|100歳以上,千人,pop_total_single_age_annual,0004010040,2026-09-07T12:32:07Z
aging_age_structure,2006,2006年10月1日現在,確定値・各歳,年次,総人口,人口推計の総人口及び日本人人口（各歳・確定値、全国）,0-14歳,17435000,13.645613211,0歳|1歳|2歳|3歳|4歳|5歳|6歳|7歳|8歳|9歳|10歳|11歳|12歳|13歳|14歳,千人,pop_total_single_age_annual,0004010040,2026-09-07T12:32:07Z
aging_age_structure,2006,2006年10月1日現在,確定値・各歳,年次,総人口,人口推計の総人口及び日本人人口（各歳・確定値、全国）,15-64歳,83730000,65.531814980,15歳|16歳|17歳|18歳|19歳|20歳|21歳|22歳|23歳|24歳|25歳|26歳|27歳|28歳|29歳|30歳|31歳|32歳|33歳|34歳|35歳|36歳|37歳|38歳|39歳|40歳|41歳|42歳|43歳|44歳|45歳|46歳|47歳|48歳|49歳|50歳|51歳|52歳|53歳|54歳|55歳|56歳|57歳|58歳|59歳|60歳|61歳|62歳|63歳|64歳,千人,pop_total_single_age_annual,0004010040,2026-09-07T12:32:07Z
aging_age_structure,2006,2006年10月1日現在,確定値・各歳,年次,総人口,人口推計の総人口及び日本人人口（各歳・確定値、全国）,65歳以上,26601000,20.819441183,65歳|66歳|67歳|68歳|69歳|70歳|71歳|72歳|73歳|74歳|75歳|76歳|77歳|78歳|79歳|80歳|81歳|82歳|83歳|84歳|85歳|86歳|87歳|88歳|89歳|90歳|91歳|92歳|93歳|94歳|95歳|96歳|97歳|98歳|99歳|100歳以上,千人,pop_total_single_age_annual,0004010040,2026-09-07T12:32:07Z
aging_age_structure,2007,2007年10月1日現在,確定値・各歳,年次,日本人人口,人口推計の総人口及び日本人人口（各歳・確定値、全国）,0-14歳,17136000,13.590831582,0歳|1歳|2歳|3歳|4歳|5歳|6歳|7歳|8歳|9歳|10歳|11歳|12歳|13歳|14歳,千人,pop_total_single_age_annual,0004010040,2026-09-07T12:32:07Z
aging_age_structure,2007,2007年10月1日現在,確定値・各歳,年次,日本人人口,人口推計の総人口及び日本人人口（各歳・確定値、全国）,15-64歳,81601000,64.719038744,15歳|16歳|17歳|18歳|19歳|20歳|21歳|22歳|23歳|24歳|25歳|26歳|27歳|28歳|29歳|30歳|31歳|32歳|33歳|34歳|35歳|36歳|37歳|38歳|39歳|40歳|41歳|42歳|43歳|44歳|45歳|46歳|47歳|48歳|49歳|50歳|51歳|52歳|53歳|54歳|55歳|56歳|57歳|58歳|59歳|60歳|61歳|62歳|63歳|64歳,千人,pop_total_single_age_annual,0004010040,2026-09-07T12:32:07Z
aging_age_structure,2007,2007年10月1日現在,確定値・各歳,年次,日本人人口,人口推計の総人口及び日本人人口（各歳・確定値、全国）,65歳以上,27348000,21.690129674,65歳|66歳|67歳|68歳|69歳|70歳|71歳|72歳|73歳|74歳|75歳|76歳|77歳|78歳|79歳|80歳|81歳|82歳|83歳|84歳|85歳|86歳|87歳|88歳|89歳|90歳|91歳|92歳|93歳|94歳|95歳|96歳|97歳|98歳|99歳|100歳以上,千人,pop_total_single_age_annual,0004010040,2026-09-07T12:32:07Z
aging_age_structure,2007,2007年10月1日現在,確定値・各歳,年次,総人口,人口推計の総人口及び日本人人口（各歳・確定値、全国）,0-14歳,17293000,13.534370084,0歳|1歳|2歳|3歳|4歳|5歳|6歳|7歳|8歳|9歳|10歳|11歳|12歳|13歳|14歳,千人,pop_total_single_age_annual,0004010040,2026-09-07T12:32:07Z
aging_age_structure,2007,2007年10月1日現在,確定値・各歳,年次,総人口,人口推計の総人口及び日本人人口（各歳・確定値、全国）,15-64歳,83015000,64.971707195,15歳|16歳|17歳|18歳|19歳|20歳|21歳|22歳|23歳|24歳|25歳|26歳|27歳|28歳|29歳|30歳|31歳|32歳|33歳|34歳|35歳|36歳|37歳|38歳|39歳|40歳|41歳|42歳|43歳|44歳|45歳|46歳|47歳|48歳|49歳|50歳|51歳|52歳|53歳|54歳|55歳|56歳|57歳|58歳|59歳|60歳|61歳|62歳|63歳|64歳,千人,pop_total_single_age_annual,0004010040,2026-09-07T12:32:07Z
aging_age_structure,2007,2007年10月1日現在,確定値・各歳,年次,総人口,人口推計の総人口及び日本人人口（各歳・確定値、全国）,65歳以上,27465000,21.495488022,65歳|66歳|67歳|68歳|69歳|70歳|71歳|72歳|73歳|74歳|75歳|76歳|77歳|78歳|79歳|80歳|81歳|82歳|83歳|84歳|85歳|86歳|87歳|88歳|89歳|90歳|91歳|92歳|93歳|94歳|95歳|96歳|97歳|98歳|99歳|100歳以上,千人,pop_total_single_age_annual,0004010040,2026-09-07T12:32:07Z
aging_age_structure,2008,2008年10月1日現在,確定値・各歳,年次,日本人人口,人口推計の総人口及び日本人人口（各歳・確定値、全国）,0-14歳,17017000,13.511238854,0歳|1歳|2歳|3歳|4歳|5歳|6歳|7歳|8歳|9歳|10歳|11歳|12歳|13歳|14歳,千人,pop_total_single_age_annual,0004010040,2026-09-07T12:32:07Z
aging_age_structure,2008,2008年10月1日現在,確定値・各歳,年次,日本人人口,人口推計の総人口及び日本人人口（各歳・確定値、全国）,15-64歳,80832000,64.179377040,15歳|16歳|17歳|18歳|19歳|20歳|21歳|22歳|23歳|24歳|25歳|26歳|27歳|28歳|29歳|30歳|31歳|32歳|33歳|34歳|35歳|36歳|37歳|38歳|39歳|40歳|41歳|42歳|43歳|44歳|45歳|46歳|47歳|48歳|49歳|50歳|51歳|52歳|53歳|54歳|55歳|56歳|57歳|58歳|59歳|60歳|61歳|62歳|63歳|64歳,千人,pop_total_single_age_annual,0004010040,2026-09-07T12:32:07Z
aging_age_structure,2008,2008年10月1日現在,確定値・各歳,年次,日本人人口,人口推計の総人口及び日本人人口（各歳・確定値、全国）,65歳以上,28096000,22.307796136,65歳|66歳|67歳|68歳|69歳|70歳|71歳|72歳|73歳|74歳|75歳|76歳|77歳|78歳|79歳|80歳|81歳|82歳|83歳|84歳|85歳|86歳|87歳|88歳|89歳|90歳|91歳|92歳|93歳|94歳|95歳|96歳|97歳|98歳|99歳|100歳以上,千人,pop_total_single_age_annual,0004010040,2026-09-07T12:32:07Z
aging_age_structure,2008,2008年10月1日現在,確定値・各歳,年次,総人口,人口推計の総人口及び日本人人口（各歳・確定値、全国）,0-14歳,17176000,13.451116750,0歳|1歳|2歳|3歳|4歳|5歳|6歳|7歳|8歳|9歳|10歳|11歳|12歳|13歳|14歳,千人,pop_total_single_age_annual,0004010040,2026-09-07T12:32:07Z
aging_age_structure,2008,2008年10月1日現在,確定値・各歳,年次,総人口,人口推計の総人口及び日本人人口（各歳・確定値、全国）,15-64歳,82301000,64.452745669,15歳|16歳|17歳|18歳|19歳|20歳|21歳|22歳|23歳|24歳|25歳|26歳|27歳|28歳|29歳|30歳|31歳|32歳|33歳|34歳|35歳|36歳|37歳|38歳|39歳|40歳|41歳|42歳|43歳|44歳|45歳|46歳|47歳|48歳|49歳|50歳|51歳|52歳|53歳|54歳|55歳|56歳|57歳|58歳|59歳|60歳|61歳|62歳|63歳|64歳,千人,pop_total_single_age_annual,0004010040,2026-09-07T12:32:07Z
aging_age_structure,2008,2008年10月1日現在,確定値・各歳,年次,総人口,人口推計の総人口及び日本人人口（各歳・確定値、全国）,65歳以上,28217000,22.097703850,65歳|66歳|67歳|68歳|69歳|70歳|71歳|72歳|73歳|74歳|75歳|76歳|77歳|78歳|79歳|80歳|81歳|82歳|83歳|84歳|85歳|86歳|87歳|88歳|89歳|90歳|91歳|92歳|93歳|94歳|95歳|96歳|97歳|98歳|99歳|100歳以上,千人,pop_total_single_age_annual,0004010040,2026-09-07T12:32:07Z
aging_age_structure,2009,2009年10月1日現在,確定値・各歳,年次,日本人人口,人口推計の総人口及び日本人人口（各歳・確定値、全国）,0-14歳,16865000,13.404069305,0歳|1歳|2歳|3歳|4歳|5歳|6歳|7歳|8歳|9歳|10歳|11歳|12歳|13歳|14歳,千人,pop_total_single_age_annual,0004010040,2026-09-07T12:32:07Z
aging_age_structure,2009,2009年10月1日現在,確定値・各歳,年次,日本人人口,人口推計の総人口及び日本人人口（各歳・確定値、全国）,15-64歳,80071000,63.639326021,15歳|16歳|17歳|18歳|19歳|20歳|21歳|22歳|23歳|24歳|25歳|26歳|27歳|28歳|29歳|30歳|31歳|32歳|33歳|34歳|35歳|36歳|37歳|38歳|39歳|40歳|41歳|42歳|43歳|44歳|45歳|46歳|47歳|48歳|49歳|50歳|51歳|52歳|53歳|54歳|55歳|56歳|57歳|58歳|59歳|60歳|61歳|62歳|63歳|64歳,千人,pop_total_single_age_annual,0004010040,2026-09-07T12:32:07Z
aging_age_structure,2009,2009年10月1日現在,確定値・各歳,年次,日本人人口,人口推計の総人口及び日本人人口（各歳・確定値、全国）,65歳以上,28879000,22.952630742,65歳|66歳|67歳|68歳|69歳|70歳|71歳|72歳|73歳|74歳|75歳|76歳|77歳|78歳|79歳|80歳|81歳|82歳|83歳|84歳|85歳|86歳|87歳|88歳|89歳|90歳|91歳|92歳|93歳|94歳|95歳|96歳|97歳|98歳|99歳|100歳以上,千人,pop_total_single_age_annual,0004010040,2026-09-07T12:32:07Z
aging_age_structure,2009,2009年10月1日現在,確定値・各歳,年次,総人口,人口推計の総人口及び日本人人口（各歳・確定値、全国）,0-14歳,17009000,13.339345934,0歳|1歳|2歳|3歳|4歳|5歳|6歳|7歳|8歳|9歳|10歳|11歳|12歳|13歳|14歳,千人,pop_total_single_age_annual,0004010040,2026-09-07T12:32:07Z
aging_age_structure,2009,2009年10月1日現在,確定値・各歳,年次,総人口,人口推計の総人口及び日本人人口（各歳・確定値、全国）,15-64歳,81494000,63.911850051,15歳|16歳|17歳|18歳|19歳|20歳|21歳|22歳|23歳|24歳|25歳|26歳|27歳|28歳|29歳|30歳|31歳|32歳|33歳|34歳|35歳|36歳|37歳|38歳|39歳|40歳|41歳|42歳|43歳|44歳|45歳|46歳|47歳|48歳|49歳|50歳|51歳|52歳|53歳|54歳|55歳|56歳|57歳|58歳|59歳|60歳|61歳|62歳|63歳|64歳,千人,pop_total_single_age_annual,0004010040,2026-09-07T12:32:07Z
aging_age_structure,2009,2009年10月1日現在,確定値・各歳,年次,総人口,人口推計の総人口及び日本人人口（各歳・確定値、全国）,65歳以上,29006000,22.748019763,65歳|66歳|67歳|68歳|69歳|70歳|71歳|72歳|73歳|74歳|75歳|76歳|77歳|78歳|79歳|80歳|81歳|82歳|83歳|84歳|85歳|86歳|87歳|88歳|89歳|90歳|91歳|92歳|93歳|94歳|95歳|96歳|97歳|98歳|99歳|100歳以上,千人,pop_total_single_age_annual,0004010040,2026-09-07T12:32:07Z
aging_age_structure,2010,2010年10月1日現在,確定値・各歳,年次,日本人人口,人口推計の総人口及び日本人人口（各歳・確定値、全国）,0-14歳,16689000,13.205203273,0歳|1歳|2歳|3歳|4歳|5歳|6歳|7歳|8歳|9歳|10歳|11歳|12歳|13歳|14歳,千人,pop_total_single_age_annual,0004008040,2026-09-07T12:32:07Z
aging_age_structure,2010,2010年10月1日現在,確定値・各歳,年次,日本人人口,人口推計の総人口及び日本人人口（各歳・確定値、全国）,15-64歳,80327000,63.558892880,15歳|16歳|17歳|18歳|19歳|20歳|21歳|22歳|23歳|24歳|25歳|26歳|27歳|28歳|29歳|30歳|31歳|32歳|33歳|34歳|35歳|36歳|37歳|38歳|39歳|40歳|41歳|42歳|43歳|44歳|45歳|46歳|47歳|48歳|49歳|50歳|51歳|52歳|53歳|54歳|55歳|56歳|57歳|58歳|59歳|60歳|61歳|62歳|63歳|64歳,千人,pop_total_single_age_annual,0004008040,2026-09-07T12:32:07Z
aging_age_structure,2010,2010年10月1日現在,確定値・各歳,年次,日本人人口,人口推計の総人口及び日本人人口（各歳・確定値、全国）,65歳以上,29370000,23.239068855,65歳|66歳|67歳|68歳|69歳|70歳|71歳|72歳|73歳|74歳|75歳|76歳|77歳|78歳|79歳|80歳|81歳|82歳|83歳|84歳|85歳|86歳|87歳|88歳|89歳|90歳|91歳|92歳|93歳|94歳|95歳|96歳|97歳|98歳|99歳|100歳以上,千人,pop_total_single_age_annual,0004008040,2026-09-07T12:32:07Z
aging_age_structure,2010,2010年10月1日現在,確定値・各歳,年次,総人口,人口推計の総人口及び日本人人口（各歳・確定値、全国）,0-14歳,16840000,13.150393965,0歳|1歳|2歳|3歳|4歳|5歳|6歳|7歳|8歳|9歳|10歳|11歳|12歳|13歳|14歳,千人,pop_total_single_age_annual,0004008040,2026-09-07T12:32:07Z
aging_age_structure,2010,2010年10月1日現在,確定値・各歳,年次,総人口,人口推計の総人口及び日本人人口（各歳・確定値、全国）,15-64歳,81733000,63.825483964,15歳|16歳|17歳|18歳|19歳|20歳|21歳|22歳|23歳|24歳|25歳|26歳|27歳|28歳|29歳|30歳|31歳|32歳|33歳|34歳|35歳|36歳|37歳|38歳|39歳|40歳|41歳|42歳|43歳|44歳|45歳|46歳|47歳|48歳|49歳|50歳|51歳|52歳|53歳|54歳|55歳|56歳|57歳|58歳|59歳|60歳|61歳|62歳|63歳|64歳,千人,pop_total_single_age_annual,0004008040,2026-09-07T12:32:07Z
aging_age_structure,2010,2010年10月1日現在,確定値・各歳,年次,総人口,人口推計の総人口及び日本人人口（各歳・確定値、全国）,65歳以上,29484000,23.024122071,65歳|66歳|67歳|68歳|69歳|70歳|71歳|72歳|73歳|74歳|75歳|76歳|77歳|78歳|79歳|80歳|81歳|82歳|83歳|84歳|85歳|86歳|87歳|88歳|89歳|90歳|91歳|92歳|93歳|94歳|95歳|96歳|97歳|98歳|99歳|100歳以上,千人,pop_total_single_age_annual,0004008040,2026-09-07T12:32:07Z
aging_age_structure,2011,2011年10月1日現在,確定値・各歳,年次,日本人人口,人口推計の総人口及び日本人人口（各歳・確定値、全国）,0-14歳,16565000,13.128071010,0歳|1歳|2歳|3歳|4歳|5歳|6歳|7歳|8歳|9歳|10歳|11歳|12歳|13歳|14歳,千人,pop_total_single_age_annual,0004008040,2026-09-07T12:32:07Z
aging_age_structure,2011,2011年10月1日現在,確定値・各歳,年次,日本人人口,人口推計の総人口及び日本人人口（各歳・確定値、全国）,15-64歳,79984000,63.388809637,15歳|16歳|17歳|18歳|19歳|20歳|21歳|22歳|23歳|24歳|25歳|26歳|27歳|28歳|29歳|30歳|31歳|32歳|33歳|34歳|35歳|36歳|37歳|38歳|39歳|40歳|41歳|42歳|43歳|44歳|45歳|46歳|47歳|48歳|49歳|50歳|51歳|52歳|53歳|54歳|55歳|56歳|57歳|58歳|59歳|60歳|61歳|62歳|63歳|64歳,千人,pop_total_single_age_annual,0004008040,2026-09-07T12:32:07Z
aging_age_structure,2011,2011年10月1日現在,確定値・各歳,年次,日本人人口,人口推計の総人口及び日本人人口（各歳・確定値、全国）,65歳以上,29633000,23.484704391,65歳|66歳|67歳|68歳|69歳|70歳|71歳|72歳|73歳|74歳|75歳|76歳|77歳|78歳|79歳|80歳|81歳|82歳|83歳|84歳|85歳|86歳|87歳|88歳|89歳|90歳|91歳|92歳|93歳|94歳|95歳|96歳|97歳|98歳|99歳|100歳以上,千人,pop_total_single_age_annual,0004008040,2026-09-07T12:32:07Z
aging_age_structure,2011,2011年10月1日現在,確定値・各歳,年次,総人口,人口推計の総人口及び日本人人口（各歳・確定値、全国）,0-14歳,16704000,13.070524808,0歳|1歳|2歳|3歳|4歳|5歳|6歳|7歳|8歳|9歳|10歳|11歳|12歳|13歳|14歳,千人,pop_total_single_age_annual,0004008040,2026-09-07T12:32:07Z
aging_age_structure,2011,2011年10月1日現在,確定値・各歳,年次,総人口,人口推計の総人口及び日本人人口（各歳・確定値、全国）,15-64歳,81344000,63.649950313,15歳|16歳|17歳|18歳|19歳|20歳|21歳|22歳|23歳|24歳|25歳|26歳|27歳|28歳|29歳|30歳|31歳|32歳|33歳|34歳|35歳|36歳|37歳|38歳|39歳|40歳|41歳|42歳|43歳|44歳|45歳|46歳|47歳|48歳|49歳|50歳|51歳|52歳|53歳|54歳|55歳|56歳|57歳|58歳|59歳|60歳|61歳|62歳|63歳|64歳,千人,pop_total_single_age_annual,0004008040,2026-09-07T12:32:07Z
aging_age_structure,2011,2011年10月1日現在,確定値・各歳,年次,総人口,人口推計の総人口及び日本人人口（各歳・確定値、全国）,65歳以上,29750000,23.278742400,65歳|66歳|67歳|68歳|69歳|70歳|71歳|72歳|73歳|74歳|75歳|76歳|77歳|78歳|79歳|80歳|81歳|82歳|83歳|84歳|85歳|86歳|87歳|88歳|89歳|90歳|91歳|92歳|93歳|94歳|95歳|96歳|97歳|98歳|99歳|100歳以上,千人,pop_total_single_age_annual,0004008040,2026-09-07T12:32:07Z
aging_age_structure,2012,2012年10月1日現在,確定値・各歳,年次,日本人人口,人口推計の総人口及び日本人人口（各歳・確定値、全国）,0-14歳,16411000,13.029049596,0歳|1歳|2歳|3歳|4歳|5歳|6歳|7歳|8歳|9歳|10歳|11歳|12歳|13歳|14歳,千人,pop_total_single_age_annual,0004008040,2026-09-07T12:32:07Z
aging_age_structure,2012,2012年10月1日現在,確定値・各歳,年次,日本人人口,人口推計の総人口及び日本人人口（各歳・確定値、全国）,15-64歳,78878000,62.622958629,15歳|16歳|17歳|18歳|19歳|20歳|21歳|22歳|23歳|24歳|25歳|26歳|27歳|28歳|29歳|30歳|31歳|32歳|33歳|34歳|35歳|36歳|37歳|38歳|39歳|40歳|41歳|42歳|43歳|44歳|45歳|46歳|47歳|48歳|49歳|50歳|51歳|52歳|53歳|54歳|55歳|56歳|57歳|58歳|59歳|60歳|61歳|62歳|63歳|64歳,千人,pop_total_single_age_annual,0004008040,2026-09-07T12:32:07Z
aging_age_structure,2012,2012年10月1日現在,確定値・各歳,年次,日本人人口,人口推計の総人口及び日本人人口（各歳・確定値、全国）,65歳以上,30670000,24.349579618,65歳|66歳|67歳|68歳|69歳|70歳|71歳|72歳|73歳|74歳|75歳|76歳|77歳|78歳|79歳|80歳|81歳|82歳|83歳|84歳|85歳|86歳|87歳|88歳|89歳|90歳|91歳|92歳|93歳|94歳|95歳|96歳|97歳|98歳|99歳|100歳以上,千人,pop_total_single_age_annual,0004008040,2026-09-07T12:32:07Z
aging_age_structure,2012,2012年10月1日現在,確定値・各歳,年次,総人口,人口推計の総人口及び日本人人口（各歳・確定値、全国）,0-14歳,16547000,12.976512567,0歳|1歳|2歳|3歳|4歳|5歳|6歳|7歳|8歳|9歳|10歳|11歳|12歳|13歳|14歳,千人,pop_total_single_age_annual,0004008040,2026-09-07T12:32:07Z
aging_age_structure,2012,2012年10月1日現在,確定値・各歳,年次,総人口,人口推計の総人口及び日本人人口（各歳・確定値、全国）,15-64歳,80173000,62.873387445,15歳|16歳|17歳|18歳|19歳|20歳|21歳|22歳|23歳|24歳|25歳|26歳|27歳|28歳|29歳|30歳|31歳|32歳|33歳|34歳|35歳|36歳|37歳|38歳|39歳|40歳|41歳|42歳|43歳|44歳|45歳|46歳|47歳|48歳|49歳|50歳|51歳|52歳|53歳|54歳|55歳|56歳|57歳|58歳|59歳|60歳|61歳|62歳|63歳|64歳,千人,pop_total_single_age_annual,0004008040,2026-09-07T12:32:07Z
aging_age_structure,2012,2012年10月1日現在,確定値・各歳,年次,総人口,人口推計の総人口及び日本人人口（各歳・確定値、全国）,65歳以上,30792000,24.147747324,65歳|66歳|67歳|68歳|69歳|70歳|71歳|72歳|73歳|74歳|75歳|76歳|77歳|78歳|79歳|80歳|81歳|82歳|83歳|84歳|85歳|86歳|87歳|88歳|89歳|90歳|91歳|92歳|93歳|94歳|95歳|96歳|97歳|98歳|99歳|100歳以上,千人,pop_total_single_age_annual,0004008040,2026-09-07T12:32:07Z
aging_age_structure,2013,2013年10月1日現在,確定値・各歳,年次,日本人人口,人口推計の総人口及び日本人人口（各歳・確定値、全国）,0-14歳,16251000,12.927989563,0歳|1歳|2歳|3歳|4歳|5歳|6歳|7歳|8歳|9歳|10歳|11歳|12歳|13歳|14歳,千人,pop_total_single_age_annual,0004008040,2026-09-07T12:32:07Z
aging_age_structure,2013,2013年10月1日現在,確定値・各歳,年次,日本人人口,人口推計の総人口及び日本人人口（各歳・確定値、全国）,15-64歳,77683000,61.798351683,15歳|16歳|17歳|18歳|19歳|20歳|21歳|22歳|23歳|24歳|25歳|26歳|27歳|28歳|29歳|30歳|31歳|32歳|33歳|34歳|35歳|36歳|37歳|38歳|39歳|40歳|41歳|42歳|43歳|44歳|45歳|46歳|47歳|48歳|49歳|50歳|51歳|52歳|53歳|54歳|55歳|56歳|57歳|58歳|59歳|60歳|61歳|62歳|63歳|64歳,千人,pop_total_single_age_annual,0004008040,2026-09-07T12:32:07Z
aging_age_structure,2013,2013年10月1日現在,確定値・各歳,年次,日本人人口,人口推計の総人口及び日本人人口（各歳・確定値、全国）,65歳以上,31771000,25.274454274,65歳|66歳|67歳|68歳|69歳|70歳|71歳|72歳|73歳|74歳|75歳|76歳|77歳|78歳|79歳|80歳|81歳|82歳|83歳|84歳|85歳|86歳|87歳|88歳|89歳|90歳|91歳|92歳|93歳|94歳|95歳|96歳|97歳|98歳|99歳|100歳以上,千人,pop_total_single_age_annual,0004008040,2026-09-07T12:32:07Z
aging_age_structure,2013,2013年10月1日現在,確定値・各歳,年次,総人口,人口推計の総人口及び日本人人口（各歳・確定値、全国）,0-14歳,16389000,12.874514918,0歳|1歳|2歳|3歳|4歳|5歳|6歳|7歳|8歳|9歳|10歳|11歳|12歳|13歳|14歳,千人,pop_total_single_age_annual,0004008040,2026-09-07T12:32:07Z
aging_age_structure,2013,2013年10月1日現在,確定値・各歳,年次,総人口,人口推計の総人口及び日本人人口（各歳・確定値、全国）,15-64歳,79010000,62.066960989,15歳|16歳|17歳|18歳|19歳|20歳|21歳|22歳|23歳|24歳|25歳|26歳|27歳|28歳|29歳|30歳|31歳|32歳|33歳|34歳|35歳|36歳|37歳|38歳|39歳|40歳|41歳|42歳|43歳|44歳|45歳|46歳|47歳|48歳|49歳|50歳|51歳|52歳|53歳|54歳|55歳|56歳|57歳|58歳|59歳|60歳|61歳|62歳|63歳|64歳,千人,pop_total_single_age_annual,0004008040,2026-09-07T12:32:07Z
aging_age_structure,2013,2013年10月1日現在,確定値・各歳,年次,総人口,人口推計の総人口及び日本人人口（各歳・確定値、全国）,65歳以上,31899000,25.058524093,65歳|66歳|67歳|68歳|69歳|70歳|71歳|72歳|73歳|74歳|75歳|76歳|77歳|78歳|79歳|80歳|81歳|82歳|83歳|84歳|85歳|86歳|87歳|88歳|89歳|90歳|91歳|92歳|93歳|94歳|95歳|96歳|97歳|98歳|99歳|100歳以上,千人,pop_total_single_age_annual,0004008040,2026-09-07T12:32:07Z
aging_age_structure,2014,2014年10月1日現在,確定値・各歳,年次,日本人人口,人口推計の総人口及び日本人人口（各歳・確定値、全国）,0-14歳,16088000,12.826175347,0歳|1歳|2歳|3歳|4歳|5歳|6歳|7歳|8歳|9歳|10歳|11歳|12歳|13歳|14歳,千人,pop_total_single_age_annual,0004008040,2026-09-07T12:32:07Z
aging_age_structure,2014,2014年10月1日現在,確定値・各歳,年次,日本人人口,人口推計の総人口及び日本人人口（各歳・確定値、全国）,15-64歳,76477000,60.971370714,15歳|16歳|17歳|18歳|19歳|20歳|21歳|22歳|23歳|24歳|25歳|26歳|27歳|28歳|29歳|30歳|31歳|32歳|33歳|34歳|35歳|36歳|37歳|38歳|39歳|40歳|41歳|42歳|43歳|44歳|45歳|46歳|47歳|48歳|49歳|50歳|51歳|52歳|53歳|54歳|55歳|56歳|57歳|58歳|59歳|60歳|61歳|62歳|63歳|64歳,千人,pop_total_single_age_annual,0004008040,2026-09-07T12:32:07Z
aging_age_structure,2014,2014年10月1日現在,確定値・各歳,年次,日本人人口,人口推計の総人口及び日本人人口（各歳・確定値、全国）,65歳以上,32866000,26.202453939,65歳|66歳|67歳|68歳|69歳|70歳|71歳|72歳|73歳|74歳|75歳|76歳|77歳|78歳|79歳|80歳|81歳|82歳|83歳|84歳|85歳|86歳|87歳|88歳|89歳|90歳|91歳|92歳|93歳|94歳|95歳|96歳|97歳|98歳|99歳|100歳以上,千人,pop_total_single_age_annual,0004008040,2026-09-07T12:32:07Z
aging_age_structure,2014,2014年10月1日現在,確定値・各歳,年次,総人口,人口推計の総人口及び日本人人口（各歳・確定値、全国）,0-14歳,16234000,12.774328588,0歳|1歳|2歳|3歳|4歳|5歳|6歳|7歳|8歳|9歳|10歳|11歳|12歳|13歳|14歳,千人,pop_total_single_age_annual,0004008040,2026-09-07T12:32:07Z
aging_age_structure,2014,2014年10月1日現在,確定値・各歳,年次,総人口,人口推計の総人口及び日本人人口（各歳・確定値、全国）,15-64歳,77845000,61.255242637,15歳|16歳|17歳|18歳|19歳|20歳|21歳|22歳|23歳|24歳|25歳|26歳|27歳|28歳|29歳|30歳|31歳|32歳|33歳|34歳|35歳|36歳|37歳|38歳|39歳|40歳|41歳|42歳|43歳|44歳|45歳|46歳|47歳|48歳|49歳|50歳|51歳|52歳|53歳|54歳|55歳|56歳|57歳|58歳|59歳|60歳|61歳|62歳|63歳|64歳,千人,pop_total_single_age_annual,0004008040,2026-09-07T12:32:07Z
aging_age_structure,2014,2014年10月1日現在,確定値・各歳,年次,総人口,人口推計の総人口及び日本人人口（各歳・確定値、全国）,65歳以上,32999000,25.966494338,65歳|66歳|67歳|68歳|69歳|70歳|71歳|72歳|73歳|74歳|75歳|76歳|77歳|78歳|79歳|80歳|81歳|82歳|83歳|84歳|85歳|86歳|87歳|88歳|89歳|90歳|91歳|92歳|93歳|94歳|95歳|96歳|97歳|98歳|99歳|100歳以上,千人,pop_total_single_age_annual,0004008040,2026-09-07T12:32:07Z
aging_age_structure,2015,2015年10月1日現在,確定値・各歳,年次,日本人人口,人口推計の総人口及び日本人人口（各歳・確定値、全国）,0-14歳,15785000,12.595855377,0歳|1歳|2歳|3歳|4歳|5歳|6歳|7歳|8歳|9歳|10歳|11歳|12歳|13歳|14歳,千人,pop_total_single_age_annual,0003459018,2026-09-07T12:32:07Z
aging_age_structure,2015,2015年10月1日現在,確定値・各歳,年次,日本人人口,人口推計の総人口及び日本人人口（各歳・確定値、全国）,15-64歳,75802000,60.487236572,15歳|16歳|17歳|18歳|19歳|20歳|21歳|22歳|23歳|24歳|25歳|26歳|27歳|28歳|29歳|30歳|31歳|32歳|33歳|34歳|35歳|36歳|37歳|38歳|39歳|40歳|41歳|42歳|43歳|44歳|45歳|46歳|47歳|48歳|49歳|50歳|51歳|52歳|53歳|54歳|55歳|56歳|57歳|58歳|59歳|60歳|61歳|62歳|63歳|64歳,千人,pop_total_single_age_annual,0003459018,2026-09-07T12:32:07Z
aging_age_structure,2015,2015年10月1日現在,確定値・各歳,年次,日本人人口,人口推計の総人口及び日本人人口（各歳・確定値、全国）,65歳以上,33734000,26.918503978,65歳|66歳|67歳|68歳|69歳|70歳|71歳|72歳|73歳|74歳|75歳|76歳|77歳|78歳|79歳|80歳|81歳|82歳|83歳|84歳|85歳|86歳|87歳|88歳|89歳|90歳|91歳|92歳|93歳|94歳|95歳|96歳|97歳|98歳|99歳|100歳以上,千人,pop_total_single_age_annual,0003459018,2026-09-07T12:32:07Z
aging_age_structure,2015,2015年10月1日現在,確定値・各歳,年次,総人口,人口推計の総人口及び日本人人口（各歳・確定値、全国）,0-14歳,15946000,12.546520319,0歳|1歳|2歳|3歳|4歳|5歳|6歳|7歳|8歳|9歳|10歳|11歳|12歳|13歳|14歳,千人,pop_total_single_age_annual,0003459018,2026-09-07T12:32:07Z
aging_age_structure,2015,2015年10月1日現在,確定値・各歳,年次,総人口,人口推計の総人口及び日本人人口（各歳・確定値、全国）,15-64歳,77282000,60.806483339,15歳|16歳|17歳|18歳|19歳|20歳|21歳|22歳|23歳|24歳|25歳|26歳|27歳|28歳|29歳|30歳|31歳|32歳|33歳|34歳|35歳|36歳|37歳|38歳|39歳|40歳|41歳|42歳|43歳|44歳|45歳|46歳|47歳|48歳|49歳|50歳|51歳|52歳|53歳|54歳|55歳|56歳|57歳|58歳|59歳|60歳|61歳|62歳|63歳|64歳,千人,pop_total_single_age_annual,0003459018,2026-09-07T12:32:07Z
aging_age_structure,2015,2015年10月1日現在,確定値・各歳,年次,総人口,人口推計の総人口及び日本人人口（各歳・確定値、全国）,65歳以上,33866000,26.646209528,65歳|66歳|67歳|68歳|69歳|70歳|71歳|72歳|73歳|74歳|75歳|76歳|77歳|78歳|79歳|80歳|81歳|82歳|83歳|84歳|85歳|86歳|87歳|88歳|89歳|90歳|91歳|92歳|93歳|94歳|95歳|96歳|97歳|98歳|99歳|100歳以上,千人,pop_total_single_age_annual,0003459018,2026-09-07T12:32:07Z
aging_age_structure,2016,2016年10月1日現在,確定値・各歳,年次,日本人人口,人口推計の総人口及び日本人人口（各歳・確定値、全国）,0-14歳,15610000,12.486002240,0歳|1歳|2歳|3歳|4歳|5歳|6歳|7歳|8歳|9歳|10歳|11歳|12歳|13歳|14歳,千人,pop_total_single_age_annual,0003459018,2026-09-07T12:32:07Z
aging_age_structure,2016,2016年10月1日現在,確定値・各歳,年次,日本人人口,人口推計の総人口及び日本人人口（各歳・確定値、全国）,15-64歳,74963000,59.960806271,15歳|16歳|17歳|18歳|19歳|20歳|21歳|22歳|23歳|24歳|25歳|26歳|27歳|28歳|29歳|30歳|31歳|32歳|33歳|34歳|35歳|36歳|37歳|38歳|39歳|40歳|41歳|42歳|43歳|44歳|45歳|46歳|47歳|48歳|49歳|50歳|51歳|52歳|53歳|54歳|55歳|56歳|57歳|58歳|59歳|60歳|61歳|62歳|63歳|64歳,千人,pop_total_single_age_annual,0003459018,2026-09-07T12:32:07Z
aging_age_structure,2016,2016年10月1日現在,確定値・各歳,年次,日本人人口,人口推計の総人口及び日本人人口（各歳・確定値、全国）,65歳以上,34450000,27.555591105,65歳|66歳|67歳|68歳|69歳|70歳|71歳|72歳|73歳|74歳|75歳|76歳|77歳|78歳|79歳|80歳|81歳|82歳|83歳|84歳|85歳|86歳|87歳|88歳|89歳|90歳|91歳|92歳|93歳|94歳|95歳|96歳|97歳|98歳|99歳|100歳以上,千人,pop_total_single_age_annual,0003459018,2026-09-07T12:32:07Z
aging_age_structure,2016,2016年10月1日現在,確定値・各歳,年次,総人口,人口推計の総人口及び日本人人口（各歳・確定値、全国）,0-14歳,15780000,12.431755335,0歳|1歳|2歳|3歳|4歳|5歳|6歳|7歳|8歳|9歳|10歳|11歳|12歳|13歳|14歳,千人,pop_total_single_age_annual,0003459018,2026-09-07T12:32:07Z
aging_age_structure,2016,2016年10月1日現在,確定値・各歳,年次,総人口,人口推計の総人口及び日本人人口（各歳・確定値、全国）,15-64歳,76561000,60.316072259,15歳|16歳|17歳|18歳|19歳|20歳|21歳|22歳|23歳|24歳|25歳|26歳|27歳|28歳|29歳|30歳|31歳|32歳|33歳|34歳|35歳|36歳|37歳|38歳|39歳|40歳|41歳|42歳|43歳|44歳|45歳|46歳|47歳|48歳|49歳|50歳|51歳|52歳|53歳|54歳|55歳|56歳|57歳|58歳|59歳|60歳|61歳|62歳|63歳|64歳,千人,pop_total_single_age_annual,0003459018,2026-09-07T12:32:07Z
aging_age_structure,2016,2016年10月1日現在,確定値・各歳,年次,総人口,人口推計の総人口及び日本人人口（各歳・確定値、全国）,65歳以上,34590000,27.250596772,65歳|66歳|67歳|68歳|69歳|70歳|71歳|72歳|73歳|74歳|75歳|76歳|77歳|78歳|79歳|80歳|81歳|82歳|83歳|84歳|85歳|86歳|87歳|88歳|89歳|90歳|91歳|92歳|93歳|94歳|95歳|96歳|97歳|98歳|99歳|100歳以上,千人,pop_total_single_age_annual,0003459018,2026-09-07T12:32:07Z
aging_age_structure,2017,2017年10月1日現在,確定値・各歳,年次,日本人人口,人口推計の総人口及び日本人人口（各歳・確定値、全国）,0-14歳,15409000,12.362011424,0歳|1歳|2歳|3歳|4歳|5歳|6歳|7歳|8歳|9歳|10歳|11歳|12歳|13歳|14歳,千人,pop_total_single_age_annual,0003459018,2026-09-07T12:32:07Z
aging_age_structure,2017,2017年10月1日現在,確定値・各歳,年次,日本人人口,人口推計の総人口及び日本人人口（各歳・確定値、全国）,15-64歳,74233000,59.554104358,15歳|16歳|17歳|18歳|19歳|20歳|21歳|22歳|23歳|24歳|25歳|26歳|27歳|28歳|29歳|30歳|31歳|32歳|33歳|34歳|35歳|36歳|37歳|38歳|39歳|40歳|41歳|42歳|43歳|44歳|45歳|46歳|47歳|48歳|49歳|50歳|51歳|52歳|53歳|54歳|55歳|56歳|57歳|58歳|59歳|60歳|61歳|62歳|63歳|64歳,千人,pop_total_single_age_annual,0003459018,2026-09-07T12:32:07Z
aging_age_structure,2017,2017年10月1日現在,確定値・各歳,年次,日本人人口,人口推計の総人口及び日本人人口（各歳・確定値、全国）,65歳以上,35005000,28.083081959,65歳|66歳|67歳|68歳|69歳|70歳|71歳|72歳|73歳|74歳|75歳|76歳|77歳|78歳|79歳|80歳|81歳|82歳|83歳|84歳|85歳|86歳|87歳|88歳|89歳|90歳|91歳|92歳|93歳|94歳|95歳|96歳|97歳|98歳|99歳|100歳以上,千人,pop_total_single_age_annual,0003459018,2026-09-07T12:32:07Z
aging_age_structure,2017,2017年10月1日現在,確定値・各歳,年次,総人口,人口推計の総人口及び日本人人口（各歳・確定値、全国）,0-14歳,15593000,12.306441684,0歳|1歳|2歳|3歳|4歳|5歳|6歳|7歳|8歳|9歳|10歳|11歳|12歳|13歳|14歳,千人,pop_total_single_age_annual,0003459018,2026-09-07T12:32:07Z
aging_age_structure,2017,2017年10月1日現在,確定値・各歳,年次,総人口,人口推計の総人口及び日本人人口（各歳・確定値、全国）,15-64歳,75962000,59.951383518,15歳|16歳|17歳|18歳|19歳|20歳|21歳|22歳|23歳|24歳|25歳|26歳|27歳|28歳|29歳|30歳|31歳|32歳|33歳|34歳|35歳|36歳|37歳|38歳|39歳|40歳|41歳|42歳|43歳|44歳|45歳|46歳|47歳|48歳|49歳|50歳|51歳|52歳|53歳|54歳|55歳|56歳|57歳|58歳|59歳|60歳|61歳|62歳|63歳|64歳,千人,pop_total_single_age_annual,0003459018,2026-09-07T12:32:07Z
aging_age_structure,2017,2017年10月1日現在,確定値・各歳,年次,総人口,人口推計の総人口及び日本人人口（各歳・確定値、全国）,65歳以上,35151000,27.742174798,65歳|66歳|67歳|68歳|69歳|70歳|71歳|72歳|73歳|74歳|75歳|76歳|77歳|78歳|79歳|80歳|81歳|82歳|83歳|84歳|85歳|86歳|87歳|88歳|89歳|90歳|91歳|92歳|93歳|94歳|95歳|96歳|97歳|98歳|99歳|100歳以上,千人,pop_total_single_age_annual,0003459018,2026-09-07T12:32:07Z
aging_age_structure,2018,2018年10月1日現在,確定値・各歳,年次,日本人人口,人口推計の総人口及び日本人人口（各歳・確定値、全国）,0-14歳,15220000,12.252652595,0歳|1歳|2歳|3歳|4歳|5歳|6歳|7歳|8歳|9歳|10歳|11歳|12歳|13歳|14歳,千人,pop_total_single_age_annual,0003459018,2026-09-07T12:32:07Z
aging_age_structure,2018,2018年10月1日現在,確定値・各歳,年次,日本人人口,人口推計の総人口及び日本人人口（各歳・確定値、全国）,15-64歳,73570000,59.226521116,15歳|16歳|17歳|18歳|19歳|20歳|21歳|22歳|23歳|24歳|25歳|26歳|27歳|28歳|29歳|30歳|31歳|32歳|33歳|34歳|35歳|36歳|37歳|38歳|39歳|40歳|41歳|42歳|43歳|44歳|45歳|46歳|47歳|48歳|49歳|50歳|51歳|52歳|53歳|54歳|55歳|56歳|57歳|58歳|59歳|60歳|61歳|62歳|63歳|64歳,千人,pop_total_single_age_annual,0003459018,2026-09-07T12:32:07Z
aging_age_structure,2018,2018年10月1日現在,確定値・各歳,年次,日本人人口,人口推計の総人口及び日本人人口（各歳・確定値、全国）,65歳以上,35427000,28.520021253,65歳|66歳|67歳|68歳|69歳|70歳|71歳|72歳|73歳|74歳|75歳|76歳|77歳|78歳|79歳|80歳|81歳|82歳|83歳|84歳|85歳|86歳|87歳|88歳|89歳|90歳|91歳|92歳|93歳|94歳|95歳|96歳|97歳|98歳|99歳|100歳以上,千人,pop_total_single_age_annual,0003459018,2026-09-07T12:32:07Z
aging_age_structure,2018,2018年10月1日現在,確定値・各歳,年次,総人口,人口推計の総人口及び日本人人口（各歳・確定値、全国）,0-14歳,15416000,12.192054918,0歳|1歳|2歳|3歳|4歳|5歳|6歳|7歳|8歳|9歳|10歳|11歳|12歳|13歳|14歳,千人,pop_total_single_age_annual,0003459018,2026-09-07T12:32:07Z
aging_age_structure,2018,2018年10月1日現在,確定値・各歳,年次,総人口,人口推計の総人口及び日本人人口（各歳・確定値、全国）,15-64歳,75451000,59.671947043,15歳|16歳|17歳|18歳|19歳|20歳|21歳|22歳|23歳|24歳|25歳|26歳|27歳|28歳|29歳|30歳|31歳|32歳|33歳|34歳|35歳|36歳|37歳|38歳|39歳|40歳|41歳|42歳|43歳|44歳|45歳|46歳|47歳|48歳|49歳|50歳|51歳|52歳|53歳|54歳|55歳|56歳|57歳|58歳|59歳|60歳|61歳|62歳|63歳|64歳,千人,pop_total_single_age_annual,0003459018,2026-09-07T12:32:07Z
aging_age_structure,2018,2018年10月1日現在,確定値・各歳,年次,総人口,人口推計の総人口及び日本人人口（各歳・確定値、全国）,65歳以上,35580000,28.139161519,65歳|66歳|67歳|68歳|69歳|70歳|71歳|72歳|73歳|74歳|75歳|76歳|77歳|78歳|79歳|80歳|81歳|82歳|83歳|84歳|85歳|86歳|87歳|88歳|89歳|90歳|91歳|92歳|93歳|94歳|95歳|96歳|97歳|98歳|99歳|100歳以上,千人,pop_total_single_age_annual,0003459018,2026-09-07T12:32:07Z
aging_age_structure,2019,2019年10月1日現在,確定値・各歳,年次,日本人人口,人口推計の総人口及び日本人人口（各歳・確定値、全国）,0-14歳,15002000,12.124689851,0歳|1歳|2歳|3歳|4歳|5歳|6歳|7歳|8歳|9歳|10歳|11歳|12歳|13歳|14歳,千人,pop_total_single_age_annual,0003459018,2026-09-07T12:32:07Z
aging_age_structure,2019,2019年10月1日現在,確定値・各歳,年次,日本人人口,人口推計の総人口及び日本人人口（各歳・確定値、全国）,15-64歳,72998000,58.997341006,15歳|16歳|17歳|18歳|19歳|20歳|21歳|22歳|23歳|24歳|25歳|26歳|27歳|28歳|29歳|30歳|31歳|32歳|33歳|34歳|35歳|36歳|37歳|38歳|39歳|40歳|41歳|42歳|43歳|44歳|45歳|46歳|47歳|48歳|49歳|50歳|51歳|52歳|53歳|54歳|55歳|56歳|57歳|58歳|59歳|60歳|61歳|62歳|63歳|64歳,千人,pop_total_single_age_annual,0003459018,2026-09-07T12:32:07Z
aging_age_structure,2019,2019年10月1日現在,確定値・各歳,年次,日本人人口,人口推計の総人口及び日本人人口（各歳・確定値、全国）,65歳以上,35730000,28.877160938,65歳|66歳|67歳|68歳|69歳|70歳|71歳|72歳|73歳|74歳|75歳|76歳|77歳|78歳|79歳|80歳|81歳|82歳|83歳|84歳|85歳|86歳|87歳|88歳|89歳|90歳|91歳|92歳|93歳|94歳|95歳|96歳|97歳|98歳|99歳|100歳以上,千人,pop_total_single_age_annual,0003459018,2026-09-07T12:32:07Z
aging_age_structure,2019,2019年10月1日現在,確定値・各歳,年次,総人口,人口推計の総人口及び日本人人口（各歳・確定値、全国）,0-14歳,15210000,12.055450316,0歳|1歳|2歳|3歳|4歳|5歳|6歳|7歳|8歳|9歳|10歳|11歳|12歳|13歳|14歳,千人,pop_total_single_age_annual,0003459018,2026-09-07T12:32:07Z
aging_age_structure,2019,2019年10月1日現在,確定値・各歳,年次,総人口,人口推計の総人口及び日本人人口（各歳・確定値、全国）,15-64歳,75070000,59.500503301,15歳|16歳|17歳|18歳|19歳|20歳|21歳|22歳|23歳|24歳|25歳|26歳|27歳|28歳|29歳|30歳|31歳|32歳|33歳|34歳|35歳|36歳|37歳|38歳|39歳|40歳|41歳|42歳|43歳|44歳|45歳|46歳|47歳|48歳|49歳|50歳|51歳|52歳|53歳|54歳|55歳|56歳|57歳|58歳|59歳|60歳|61歳|62歳|63歳|64歳,千人,pop_total_single_age_annual,0003459018,2026-09-07T12:32:07Z
aging_age_structure,2019,2019年10月1日現在,確定値・各歳,年次,総人口,人口推計の総人口及び日本人人口（各歳・確定値、全国）,65歳以上,35884000,28.441668582,65歳|66歳|67歳|68歳|69歳|70歳|71歳|72歳|73歳|74歳|75歳|76歳|77歳|78歳|79歳|80歳|81歳|82歳|83歳|84歳|85歳|86歳|87歳|88歳|89歳|90歳|91歳|92歳|93歳|94歳|95歳|96歳|97歳|98歳|99歳|100歳以上,千人,pop_total_single_age_annual,0003459018,2026-09-07T12:32:07Z
aging_age_structure,2020,2020年10月1日現在,確定値・各歳,年次,日本人人口,人口推計の総人口及び日本人人口（各歳・確定値、全国）,0-14歳,14811000,12.002528384,0歳|1歳|2歳|3歳|4歳|5歳|6歳|7歳|8歳|9歳|10歳|11歳|12歳|13歳|14歳,千人,pop_total_single_age_annual,0003448228,2026-09-07T12:32:07Z
aging_age_structure,2020,2020年10月1日現在,確定値・各歳,年次,日本人人口,人口推計の総人口及び日本人人口（各歳・確定値、全国）,15-64歳,72747000,58.952665743,15歳|16歳|17歳|18歳|19歳|20歳|21歳|22歳|23歳|24歳|25歳|26歳|27歳|28歳|29歳|30歳|31歳|32歳|33歳|34歳|35歳|36歳|37歳|38歳|39歳|40歳|41歳|42歳|43歳|44歳|45歳|46歳|47歳|48歳|49歳|50歳|51歳|52歳|53歳|54歳|55歳|56歳|57歳|58歳|59歳|60歳|61歳|62歳|63歳|64歳,千人,pop_total_single_age_annual,0003448228,2026-09-07T12:32:07Z
aging_age_structure,2020,2020年10月1日現在,確定値・各歳,年次,日本人人口,人口推計の総人口及び日本人人口（各歳・確定値、全国）,65歳以上,35842000,29.045616253,65歳|66歳|67歳|68歳|69歳|70歳|71歳|72歳|73歳|74歳|75歳|76歳|77歳|78歳|79歳|80歳|81歳|82歳|83歳|84歳|85歳|86歳|87歳|88歳|89歳|90歳|91歳|92歳|93歳|94歳|95歳|96歳|97歳|98歳|99歳|100歳以上,千人,pop_total_single_age_annual,0003448228,2026-09-07T12:32:07Z
aging_age_structure,2020,2020年10月1日現在,確定値・各歳,年次,総人口,人口推計の総人口及び日本人人口（各歳・確定値、全国）,0-14歳,15032000,11.916350895,0歳|1歳|2歳|3歳|4歳|5歳|6歳|7歳|8歳|9歳|10歳|11歳|12歳|13歳|14歳,千人,pop_total_single_age_annual,0003448228,2026-09-07T12:32:07Z
aging_age_structure,2020,2020年10月1日現在,確定値・各歳,年次,総人口,人口推計の総人口及び日本人人口（各歳・確定値、全国）,15-64歳,75087000,59.523885022,15歳|16歳|17歳|18歳|19歳|20歳|21歳|22歳|23歳|24歳|25歳|26歳|27歳|28歳|29歳|30歳|31歳|32歳|33歳|34歳|35歳|36歳|37歳|38歳|39歳|40歳|41歳|42歳|43歳|44歳|45歳|46歳|47歳|48歳|49歳|50歳|51歳|52歳|53歳|54歳|55歳|56歳|57歳|58歳|59歳|60歳|61歳|62歳|63歳|64歳,千人,pop_total_single_age_annual,0003448228,2026-09-07T12:32:07Z
aging_age_structure,2020,2020年10月1日現在,確定値・各歳,年次,総人口,人口推計の総人口及び日本人人口（各歳・確定値、全国）,65歳以上,36027000,28.559764083,65歳|66歳|67歳|68歳|69歳|70歳|71歳|72歳|73歳|74歳|75歳|76歳|77歳|78歳|79歳|80歳|81歳|82歳|83歳|84歳|85歳|86歳|87歳|88歳|89歳|90歳|91歳|92歳|93歳|94歳|95歳|96歳|97歳|98歳|99歳|100歳以上,千人,pop_total_single_age_annual,0003448228,2026-09-07T12:32:07Z
aging_age_structure,2021,2021年10月1日現在,確定値・各歳,年次,日本人人口,人口推計の総人口及び日本人人口（各歳・確定値、全国）,0-14歳,14559000,11.857794429,0歳|1歳|2歳|3歳|4歳|5歳|6歳|7歳|8歳|9歳|10歳|11歳|12歳|13歳|14歳,千人,pop_total_single_age_annual,0003448228,2026-09-07T12:32:07Z
aging_age_structure,2021,2021年10月1日現在,確定値・各歳,年次,日本人人口,人口推計の総人口及び日本人人口（各歳・確定値、全国）,15-64歳,72200000,58.804365532,15歳|16歳|17歳|18歳|19歳|20歳|21歳|22歳|23歳|24歳|25歳|26歳|27歳|28歳|29歳|30歳|31歳|32歳|33歳|34歳|35歳|36歳|37歳|38歳|39歳|40歳|41歳|42歳|43歳|44歳|45歳|46歳|47歳|48歳|49歳|50歳|51歳|52歳|53歳|54歳|55歳|56歳|57歳|58歳|59歳|60歳|61歳|62歳|63歳|64歳,千人,pop_total_single_age_annual,0003448228,2026-09-07T12:32:07Z
aging_age_structure,2021,2021年10月1日現在,確定値・各歳,年次,日本人人口,人口推計の総人口及び日本人人口（各歳・確定値、全国）,65歳以上,36020000,29.337025574,65歳|66歳|67歳|68歳|69歳|70歳|71歳|72歳|73歳|74歳|75歳|76歳|77歳|78歳|79歳|80歳|81歳|82歳|83歳|84歳|85歳|86歳|87歳|88歳|89歳|90歳|91歳|92歳|93歳|94歳|95歳|96歳|97歳|98歳|99歳|100歳以上,千人,pop_total_single_age_annual,0003448228,2026-09-07T12:32:07Z
aging_age_structure,2021,2021年10月1日現在,確定値・各歳,年次,総人口,人口推計の総人口及び日本人人口（各歳・確定値、全国）,0-14歳,14785000,11.780688754,0歳|1歳|2歳|3歳|4歳|5歳|6歳|7歳|8歳|9歳|10歳|11歳|12歳|13歳|14歳,千人,pop_total_single_age_annual,0003448228,2026-09-07T12:32:07Z
aging_age_structure,2021,2021年10月1日現在,確定値・各歳,年次,総人口,人口推計の総人口及び日本人人口（各歳・確定値、全国）,15-64歳,74502000,59.363197399,15歳|16歳|17歳|18歳|19歳|20歳|21歳|22歳|23歳|24歳|25歳|26歳|27歳|28歳|29歳|30歳|31歳|32歳|33歳|34歳|35歳|36歳|37歳|38歳|39歳|40歳|41歳|42歳|43歳|44歳|45歳|46歳|47歳|48歳|49歳|50歳|51歳|52歳|53歳|54歳|55歳|56歳|57歳|58歳|59歳|60歳|61歳|62歳|63歳|64歳,千人,pop_total_single_age_annual,0003448228,2026-09-07T12:32:07Z
aging_age_structure,2021,2021年10月1日現在,確定値・各歳,年次,総人口,人口推計の総人口及び日本人人口（各歳・確定値、全国）,65歳以上,36213000,28.854520247,65歳|66歳|67歳|68歳|69歳|70歳|71歳|72歳|73歳|74歳|75歳|76歳|77歳|78歳|79歳|80歳|81歳|82歳|83歳|84歳|85歳|86歳|87歳|88歳|89歳|90歳|91歳|92歳|93歳|94歳|95歳|96歳|97歳|98歳|99歳|100歳以上,千人,pop_total_single_age_annual,0003448228,2026-09-07T12:32:07Z
aging_age_structure,2022,2022年10月1日現在,確定値・各歳,年次,日本人人口,人口推計の総人口及び日本人人口（各歳・確定値、全国）,0-14歳,14266000,11.690472093,0歳|1歳|2歳|3歳|4歳|5歳|6歳|7歳|8歳|9歳|10歳|11歳|12歳|13歳|14歳,千人,pop_total_single_age_annual,0003448228,2026-09-07T12:32:07Z
aging_age_structure,2022,2022年10月1日現在,確定値・各歳,年次,日本人人口,人口推計の総人口及び日本人人口（各歳・確定値、全国）,15-64歳,71729000,58.779326565,15歳|16歳|17歳|18歳|19歳|20歳|21歳|22歳|23歳|24歳|25歳|26歳|27歳|28歳|29歳|30歳|31歳|32歳|33歳|34歳|35歳|36歳|37歳|38歳|39歳|40歳|41歳|42歳|43歳|44歳|45歳|46歳|47歳|48歳|49歳|50歳|51歳|52歳|53歳|54歳|55歳|56歳|57歳|58歳|59歳|60歳|61歳|62歳|63歳|64歳,千人,pop_total_single_age_annual,0003448228,2026-09-07T12:32:07Z
aging_age_structure,2022,2022年10月1日現在,確定値・各歳,年次,日本人人口,人口推計の総人口及び日本人人口（各歳・確定値、全国）,65歳以上,36034000,29.528562414,65歳|66歳|67歳|68歳|69歳|70歳|71歳|72歳|73歳|74歳|75歳|76歳|77歳|78歳|79歳|80歳|81歳|82歳|83歳|84歳|85歳|86歳|87歳|88歳|89歳|90歳|91歳|92歳|93歳|94歳|95歳|96歳|97歳|98歳|99歳|100歳以上,千人,pop_total_single_age_annual,0003448228,2026-09-07T12:32:07Z
aging_age_structure,2022,2022年10月1日現在,確定値・各歳,年次,総人口,人口推計の総人口及び日本人人口（各歳・確定値、全国）,0-14歳,14502000,11.606521165,0歳|1歳|2歳|3歳|4歳|5歳|6歳|7歳|8歳|9歳|10歳|11歳|12歳|13歳|14歳,千人,pop_total_single_age_annual,0003448228,2026-09-07T12:32:07Z
aging_age_structure,2022,2022年10月1日現在,確定値・各歳,年次,総人口,人口推計の総人口及び日本人人口（各歳・確定値、全国）,15-64歳,74209000,59.392382370,15歳|16歳|17歳|18歳|19歳|20歳|21歳|22歳|23歳|24歳|25歳|26歳|27歳|28歳|29歳|30歳|31歳|32歳|33歳|34歳|35歳|36歳|37歳|38歳|39歳|40歳|41歳|42歳|43歳|44歳|45歳|46歳|47歳|48歳|49歳|50歳|51歳|52歳|53歳|54歳|55歳|56歳|57歳|58歳|59歳|60歳|61歳|62歳|63歳|64歳,千人,pop_total_single_age_annual,0003448228,2026-09-07T12:32:07Z
aging_age_structure,2022,2022年10月1日現在,確定値・各歳,年次,総人口,人口推計の総人口及び日本人人口（各歳・確定値、全国）,65歳以上,36236000,29.001096465,65歳|66歳|67歳|68歳|69歳|70歳|71歳|72歳|73歳|74歳|75歳|76歳|77歳|78歳|79歳|80歳|81歳|82歳|83歳|84歳|85歳|86歳|87歳|88歳|89歳|90歳|91歳|92歳|93歳|94歳|95歳|96歳|97歳|98歳|99歳|100歳以上,千人,pop_total_single_age_annual,0003448228,2026-09-07T12:32:07Z
aging_age_structure,2023,2023年10月1日現在,確定値・各歳,年次,日本人人口,人口推計の総人口及び日本人人口（各歳・確定値、全国）,0-14歳,13926000,11.490762668,0歳|1歳|2歳|3歳|4歳|5歳|6歳|7歳|8歳|9歳|10歳|11歳|12歳|13歳|14歳,千人,pop_total_single_age_annual,0003448228,2026-09-07T12:32:07Z
aging_age_structure,2023,2023年10月1日現在,確定値・各歳,年次,日本人人口,人口推計の総人口及び日本人人口（各歳・確定値、全国）,15-64歳,71249000,58.789699075,15歳|16歳|17歳|18歳|19歳|20歳|21歳|22歳|23歳|24歳|25歳|26歳|27歳|28歳|29歳|30歳|31歳|32歳|33歳|34歳|35歳|36歳|37歳|38歳|39歳|40歳|41歳|42歳|43歳|44歳|45歳|46歳|47歳|48歳|49歳|50歳|51歳|52歳|53歳|54歳|55歳|56歳|57歳|58歳|59歳|60歳|61歳|62歳|63歳|64歳,千人,pop_total_single_age_annual,0003448228,2026-09-07T12:32:07Z
aging_age_structure,2023,2023年10月1日現在,確定値・各歳,年次,日本人人口,人口推計の総人口及び日本人人口（各歳・確定値、全国）,65歳以上,36018000,29.719538257,65歳|66歳|67歳|68歳|69歳|70歳|71歳|72歳|73歳|74歳|75歳|76歳|77歳|78歳|79歳|80歳|81歳|82歳|83歳|84歳|85歳|86歳|87歳|88歳|89歳|90歳|91歳|92歳|93歳|94歳|95歳|96歳|97歳|98歳|99歳|100歳以上,千人,pop_total_single_age_annual,0003448228,2026-09-07T12:32:07Z
aging_age_structure,2023,2023年10月1日現在,確定値・各歳,年次,総人口,人口推計の総人口及び日本人人口（各歳・確定値、全国）,0-14歳,14175000,11.399092898,0歳|1歳|2歳|3歳|4歳|5歳|6歳|7歳|8歳|9歳|10歳|11歳|12歳|13歳|14歳,千人,pop_total_single_age_annual,0003448228,2026-09-07T12:32:07Z
aging_age_structure,2023,2023年10月1日現在,確定値・各歳,年次,総人口,人口推計の総人口及び日本人人口（各歳・確定値、全国）,15-64歳,73955000,59.472304426,15歳|16歳|17歳|18歳|19歳|20歳|21歳|22歳|23歳|24歳|25歳|26歳|27歳|28歳|29歳|30歳|31歳|32歳|33歳|34歳|35歳|36歳|37歳|38歳|39歳|40歳|41歳|42歳|43歳|44歳|45歳|46歳|47歳|48歳|49歳|50歳|51歳|52歳|53歳|54歳|55歳|56歳|57歳|58歳|59歳|60歳|61歳|62歳|63歳|64歳,千人,pop_total_single_age_annual,0003448228,2026-09-07T12:32:07Z
aging_age_structure,2023,2023年10月1日現在,確定値・各歳,年次,総人口,人口推計の総人口及び日本人人口（各歳・確定値、全国）,65歳以上,36224000,29.130211014,65歳|66歳|67歳|68歳|69歳|70歳|71歳|72歳|73歳|74歳|75歳|76歳|77歳|78歳|79歳|80歳|81歳|82歳|83歳|84歳|85歳|86歳|87歳|88歳|89歳|90歳|91歳|92歳|93歳|94歳|95歳|96歳|97歳|98歳|99歳|100歳以上,千人,pop_total_single_age_annual,0003448228,2026-09-07T12:32:07Z
aging_age_structure,2024,2024年10月1日現在,確定値・各歳,年次,日本人人口,人口推計の総人口及び日本人人口（各歳・確定値、全国）,0-14歳,13563000,11.274689100,0歳|1歳|2歳|3歳|4歳|5歳|6歳|7歳|8歳|9歳|10歳|11歳|12歳|13歳|14歳,千人,pop_total_single_age_annual,0003448228,2026-09-07T12:32:07Z
aging_age_structure,2024,2024年10月1日現在,確定値・各歳,年次,日本人人口,人口推計の総人口及び日本人人口（各歳・確定値、全国）,15-64歳,70709000,58.779178028,15歳|16歳|17歳|18歳|19歳|20歳|21歳|22歳|23歳|24歳|25歳|26歳|27歳|28歳|29歳|30歳|31歳|32歳|33歳|34歳|35歳|36歳|37歳|38歳|39歳|40歳|41歳|42歳|43歳|44歳|45歳|46歳|47歳|48歳|49歳|50歳|51歳|52歳|53歳|54歳|55歳|56歳|57歳|58歳|59歳|60歳|61歳|62歳|63歳|64歳,千人,pop_total_single_age_annual,0003448228,2026-09-07T12:32:07Z
aging_age_structure,2024,2024年10月1日現在,確定値・各歳,年次,日本人人口,人口推計の総人口及び日本人人口（各歳・確定値、全国）,65歳以上,36027000,29.948626721,65歳|66歳|67歳|68歳|69歳|70歳|71歳|72歳|73歳|74歳|75歳|76歳|77歳|78歳|79歳|80歳|81歳|82歳|83歳|84歳|85歳|86歳|87歳|88歳|89歳|90歳|91歳|92歳|93歳|94歳|95歳|96歳|97歳|98歳|99歳|100歳以上,千人,pop_total_single_age_annual,0003448228,2026-09-07T12:32:07Z
aging_age_structure,2024,2024年10月1日現在,確定値・各歳,年次,総人口,人口推計の総人口及び日本人人口（各歳・確定値、全国）,0-14歳,13831000,11.171871214,0歳|1歳|2歳|3歳|4歳|5歳|6歳|7歳|8歳|9歳|10歳|11歳|12歳|13歳|14歳,千人,pop_total_single_age_annual,0003448228,2026-09-07T12:32:07Z
aging_age_structure,2024,2024年10月1日現在,確定値・各歳,年次,総人口,人口推計の総人口及び日本人人口（各歳・確定値、全国）,15-64歳,73733000,59.557196168,15歳|16歳|17歳|18歳|19歳|20歳|21歳|22歳|23歳|24歳|25歳|26歳|27歳|28歳|29歳|30歳|31歳|32歳|33歳|34歳|35歳|36歳|37歳|38歳|39歳|40歳|41歳|42歳|43歳|44歳|45歳|46歳|47歳|48歳|49歳|50歳|51歳|52歳|53歳|54歳|55歳|56歳|57歳|58歳|59歳|60歳|61歳|62歳|63歳|64歳,千人,pop_total_single_age_annual,0003448228,2026-09-07T12:32:07Z
aging_age_structure,2024,2024年10月1日現在,確定値・各歳,年次,総人口,人口推計の総人口及び日本人人口（各歳・確定値、全国）,65歳以上,36243000,29.274971325,65歳|66歳|67歳|68歳|69歳|70歳|71歳|72歳|73歳|74歳|75歳|76歳|77歳|78歳|79歳|80歳|81歳|82歳|83歳|84歳|85歳|86歳|87歳|88歳|89歳|90歳|91歳|92歳|93歳|94歳|95歳|96歳|97歳|98歳|99歳|100歳以上,千人,pop_total_single_age_annual,0003448228,2026-09-07T12:32:07Z
aging_age_structure,2025,2025年10月,概算値・5歳階級,年次,総人口,人口推計の総人口（概算値・5歳階級・2025年10月、全国）,0-14歳,13480000,10.940670400,0～4歳|5～9歳|10～14歳,万人,pop_total_5y_2025,0003443838,2026-09-07T12:32:07Z
aging_age_structure,2025,2025年10月,概算値・5歳階級,年次,総人口,人口推計の総人口（概算値・5歳階級・2025年10月、全国）,15-64歳,73530000,59.678597516,15～19歳|20～24歳|25～29歳|30～34歳|35～39歳|40～44歳|45～49歳|50～54歳|55～59歳|60～64歳,万人,pop_total_5y_2025,0003443838,2026-09-07T12:32:07Z
aging_age_structure,2025,2025年10月,概算値・5歳階級,年次,総人口,人口推計の総人口（概算値・5歳階級・2025年10月、全国）,65歳以上,36200000,29.380732083,65～69歳|70～74歳|75～79歳|80～84歳|85～89歳|90～94歳|95～99歳|100歳以上,万人,pop_total_5y_2025,0003443838,2026-09-07T12:32:07Z
