series_id,year,age_band,suicide_count,suicide_count_source,population_persons,population_source_age_classes,population_unit_source,population_basis,denominator_scope,rate_per_100k,built_at
npa_suicide_by_age_rate,1995,合計,22445,合計,125570000,総数,千人,確定値・各歳,合計,17.87,2026-09-07T17:11:17+00:00
npa_suicide_by_age_rate,1995,0-19歳,515,～19歳,28599000,0歳+1歳+2歳+3歳+4歳+5歳+6歳+7歳+8歳+9歳+10歳+11歳+12歳+13歳+14歳+15歳+16歳+17歳+18歳+19歳,千人,確定値・各歳,0-19歳,1.80,2026-09-07T17:11:17+00:00
npa_suicide_by_age_rate,1995,20-29歳,2509,20～29歳,18704000,20歳+21歳+22歳+23歳+24歳+25歳+26歳+27歳+28歳+29歳,千人,確定値・各歳,20-29歳,13.41,2026-09-07T17:11:17+00:00
npa_suicide_by_age_rate,1995,30-39歳,2467,30～39歳,15965000,30歳+31歳+32歳+33歳+34歳+35歳+36歳+37歳+38歳+39歳,千人,確定値・各歳,30-39歳,15.45,2026-09-07T17:11:17+00:00
npa_suicide_by_age_rate,1995,40-49歳,3999,40～49歳,19646000,40歳+41歳+42歳+43歳+44歳+45歳+46歳+47歳+48歳+49歳,千人,確定値・各歳,40-49歳,20.36,2026-09-07T17:11:17+00:00
npa_suicide_by_age_rate,1995,50-59歳,5031,50～59歳,16893000,50歳+51歳+52歳+53歳+54歳+55歳+56歳+57歳+58歳+59歳,千人,確定値・各歳,50-59歳,29.78,2026-09-07T17:11:17+00:00
npa_suicide_by_age_rate,1995,60歳以上,7739,60歳～,25761000,60歳+61歳+62歳+63歳+64歳+65歳+66歳+67歳+68歳+69歳+70歳+71歳+72歳+73歳+74歳+75歳+76歳+77歳+78歳+79歳+80歳+81歳+82歳+83歳+84歳+85歳+86歳+87歳+88歳+89歳+90歳以上,千人,確定値・各歳,60歳以上,30.04,2026-09-07T17:11:17+00:00
npa_suicide_by_age_rate,1995,不詳,185,不詳,125570000,総数,千人,確定値・各歳,総人口（年齢不詳のため）,0.15,2026-09-07T17:11:17+00:00
npa_suicide_by_age_rate,1996,合計,23104,合計,125864000,総数,千人,確定値・各歳,合計,18.36,2026-09-07T17:11:17+00:00
npa_suicide_by_age_rate,1996,0-19歳,492,～19歳,27928000,0歳+1歳+2歳+3歳+4歳+5歳+6歳+7歳+8歳+9歳+10歳+11歳+12歳+13歳+14歳+15歳+16歳+17歳+18歳+19歳,千人,確定値・各歳,0-19歳,1.76,2026-09-07T17:11:17+00:00
npa_suicide_by_age_rate,1996,20-29歳,2457,20～29歳,19128000,20歳+21歳+22歳+23歳+24歳+25歳+26歳+27歳+28歳+29歳,千人,確定値・各歳,20-29歳,12.85,2026-09-07T17:11:17+00:00
npa_suicide_by_age_rate,1996,30-39歳,2501,30～39歳,15776000,30歳+31歳+32歳+33歳+34歳+35歳+36歳+37歳+38歳+39歳,千人,確定値・各歳,30-39歳,15.85,2026-09-07T17:11:17+00:00
npa_suicide_by_age_rate,1996,40-49歳,4147,40～49歳,19790000,40歳+41歳+42歳+43歳+44歳+45歳+46歳+47歳+48歳+49歳,千人,確定値・各歳,40-49歳,20.96,2026-09-07T17:11:17+00:00
npa_suicide_by_age_rate,1996,50-59歳,5013,50～59歳,16605000,50歳+51歳+52歳+53歳+54歳+55歳+56歳+57歳+58歳+59歳,千人,確定値・各歳,50-59歳,30.19,2026-09-07T17:11:17+00:00
npa_suicide_by_age_rate,1996,60歳以上,8244,60歳～,26633000,60歳+61歳+62歳+63歳+64歳+65歳+66歳+67歳+68歳+69歳+70歳+71歳+72歳+73歳+74歳+75歳+76歳+77歳+78歳+79歳+80歳+81歳+82歳+83歳+84歳+85歳+86歳+87歳+88歳+89歳+90歳以上,千人,確定値・各歳,60歳以上,30.95,2026-09-07T17:11:17+00:00
npa_suicide_by_age_rate,1996,不詳,250,不詳,125864000,総数,千人,確定値・各歳,総人口（年齢不詳のため）,0.20,2026-09-07T17:11:17+00:00
npa_suicide_by_age_rate,1997,合計,24391,合計,126166000,総数,千人,確定値・各歳,合計,19.33,2026-09-07T17:11:17+00:00
npa_suicide_by_age_rate,1997,0-19歳,469,～19歳,27371000,0歳+1歳+2歳+3歳+4歳+5歳+6歳+7歳+8歳+9歳+10歳+11歳+12歳+13歳+14歳+15歳+16歳+17歳+18歳+19歳,千人,確定値・各歳,0-19歳,1.71,2026-09-07T17:11:17+00:00
npa_suicide_by_age_rate,1997,20-29歳,2534,20～29歳,19082000,20歳+21歳+22歳+23歳+24歳+25歳+26歳+27歳+28歳+29歳,千人,確定値・各歳,20-29歳,13.28,2026-09-07T17:11:17+00:00
npa_suicide_by_age_rate,1997,30-39歳,2767,30～39歳,16075000,30歳+31歳+32歳+33歳+34歳+35歳+36歳+37歳+38歳+39歳,千人,確定値・各歳,30-39歳,17.21,2026-09-07T17:11:17+00:00
npa_suicide_by_age_rate,1997,40-49歳,4200,40～49歳,19008000,40歳+41歳+42歳+43歳+44歳+45歳+46歳+47歳+48歳+49歳,千人,確定値・各歳,40-49歳,22.10,2026-09-07T17:11:17+00:00
npa_suicide_by_age_rate,1997,50-59歳,5422,50～59歳,17174000,50歳+51歳+52歳+53歳+54歳+55歳+56歳+57歳+58歳+59歳,千人,確定値・各歳,50-59歳,31.57,2026-09-07T17:11:17+00:00
npa_suicide_by_age_rate,1997,60歳以上,8747,60歳～,27458000,60歳+61歳+62歳+63歳+64歳+65歳+66歳+67歳+68歳+69歳+70歳+71歳+72歳+73歳+74歳+75歳+76歳+77歳+78歳+79歳+80歳+81歳+82歳+83歳+84歳+85歳+86歳+87歳+88歳+89歳+90歳以上,千人,確定値・各歳,60歳以上,31.86,2026-09-07T17:11:17+00:00
npa_suicide_by_age_rate,1997,不詳,252,不詳,126166000,総数,千人,確定値・各歳,総人口（年齢不詳のため）,0.20,2026-09-07T17:11:17+00:00
npa_suicide_by_age_rate,1998,合計,32863,合計,126486000,総数,千人,確定値・各歳,合計,25.98,2026-09-07T17:11:17+00:00
npa_suicide_by_age_rate,1998,0-19歳,720,～19歳,26867000,0歳+1歳+2歳+3歳+4歳+5歳+6歳+7歳+8歳+9歳+10歳+11歳+12歳+13歳+14歳+15歳+16歳+17歳+18歳+19歳,千人,確定値・各歳,0-19歳,2.68,2026-09-07T17:11:17+00:00
npa_suicide_by_age_rate,1998,20-29歳,3472,20～29歳,18991000,20歳+21歳+22歳+23歳+24歳+25歳+26歳+27歳+28歳+29歳,千人,確定値・各歳,20-29歳,18.28,2026-09-07T17:11:17+00:00
npa_suicide_by_age_rate,1998,30-39歳,3614,30～39歳,16343000,30歳+31歳+32歳+33歳+34歳+35歳+36歳+37歳+38歳+39歳,千人,確定値・各歳,30-39歳,22.11,2026-09-07T17:11:17+00:00
npa_suicide_by_age_rate,1998,40-49歳,5359,40～49歳,18166000,40歳+41歳+42歳+43歳+44歳+45歳+46歳+47歳+48歳+49歳,千人,確定値・各歳,40-49歳,29.50,2026-09-07T17:11:17+00:00
npa_suicide_by_age_rate,1998,50-59歳,7898,50～59歳,17902000,50歳+51歳+52歳+53歳+54歳+55歳+56歳+57歳+58歳+59歳,千人,確定値・各歳,50-59歳,44.12,2026-09-07T17:11:17+00:00
npa_suicide_by_age_rate,1998,60歳以上,11494,60歳～,28222000,60歳+61歳+62歳+63歳+64歳+65歳+66歳+67歳+68歳+69歳+70歳+71歳+72歳+73歳+74歳+75歳+76歳+77歳+78歳+79歳+80歳+81歳+82歳+83歳+84歳+85歳+86歳+87歳+88歳+89歳+90歳以上,千人,確定値・各歳,60歳以上,40.73,2026-09-07T17:11:17+00:00
npa_suicide_by_age_rate,1998,不詳,306,不詳,126486000,総数,千人,確定値・各歳,総人口（年齢不詳のため）,0.24,2026-09-07T17:11:17+00:00
npa_suicide_by_age_rate,1999,合計,33048,合計,126686000,総数,千人,確定値・各歳,合計,26.09,2026-09-07T17:11:17+00:00
npa_suicide_by_age_rate,1999,0-19歳,674,～19歳,26396000,0歳+1歳+2歳+3歳+4歳+5歳+6歳+7歳+8歳+9歳+10歳+11歳+12歳+13歳+14歳+15歳+16歳+17歳+18歳+19歳,千人,確定値・各歳,0-19歳,2.55,2026-09-07T17:11:17+00:00
npa_suicide_by_age_rate,1999,20-29歳,3475,20～29歳,18784000,20歳+21歳+22歳+23歳+24歳+25歳+26歳+27歳+28歳+29歳,千人,確定値・各歳,20-29歳,18.50,2026-09-07T17:11:17+00:00
npa_suicide_by_age_rate,1999,30-39歳,3797,30～39歳,16595000,30歳+31歳+32歳+33歳+34歳+35歳+36歳+37歳+38歳+39歳,千人,確定値・各歳,30-39歳,22.88,2026-09-07T17:11:17+00:00
npa_suicide_by_age_rate,1999,40-49歳,5363,40～49歳,17340000,40歳+41歳+42歳+43歳+44歳+45歳+46歳+47歳+48歳+49歳,千人,確定値・各歳,40-49歳,30.93,2026-09-07T17:11:17+00:00
npa_suicide_by_age_rate,1999,50-59歳,8288,50～59歳,18754000,50歳+51歳+52歳+53歳+54歳+55歳+56歳+57歳+58歳+59歳,千人,確定値・各歳,50-59歳,44.19,2026-09-07T17:11:17+00:00
npa_suicide_by_age_rate,1999,60歳以上,11123,60歳～,28817000,60歳+61歳+62歳+63歳+64歳+65歳+66歳+67歳+68歳+69歳+70歳+71歳+72歳+73歳+74歳+75歳+76歳+77歳+78歳+79歳+80歳+81歳+82歳+83歳+84歳+85歳+86歳+87歳+88歳+89歳+90歳以上,千人,確定値・各歳,60歳以上,38.60,2026-09-07T17:11:17+00:00
npa_suicide_by_age_rate,1999,不詳,328,不詳,126686000,総数,千人,確定値・各歳,総人口（年齢不詳のため）,0.26,2026-09-07T17:11:17+00:00
npa_suicide_by_age_rate,2000,合計,31957,合計,126926000,総数,千人,確定値・各歳,合計,25.18,2026-09-07T17:11:17+00:00
npa_suicide_by_age_rate,2000,0-19歳,598,～19歳,26007000,0歳+1歳+2歳+3歳+4歳+5歳+6歳+7歳+8歳+9歳+10歳+11歳+12歳+13歳+14歳+15歳+16歳+17歳+18歳+19歳,千人,確定値・各歳,0-19歳,2.30,2026-09-07T17:11:17+00:00
npa_suicide_by_age_rate,2000,20-29歳,3301,20～29歳,18249000,20歳+21歳+22歳+23歳+24歳+25歳+26歳+27歳+28歳+29歳,千人,確定値・各歳,20-29歳,18.09,2026-09-07T17:11:17+00:00
npa_suicide_by_age_rate,2000,30-39歳,3685,30～39歳,16923000,30歳+31歳+32歳+33歳+34歳+35歳+36歳+37歳+38歳+39歳,千人,確定値・各歳,30-39歳,21.78,2026-09-07T17:11:17+00:00
npa_suicide_by_age_rate,2000,40-49歳,4818,40～49歳,16747000,40歳+41歳+42歳+43歳+44歳+45歳+46歳+47歳+48歳+49歳,千人,確定値・各歳,40-49歳,28.77,2026-09-07T17:11:17+00:00
npa_suicide_by_age_rate,2000,50-59歳,8245,50～59歳,19211000,50歳+51歳+52歳+53歳+54歳+55歳+56歳+57歳+58歳+59歳,千人,確定値・各歳,50-59歳,42.92,2026-09-07T17:11:17+00:00
npa_suicide_by_age_rate,2000,60歳以上,10997,60歳～,29793000,60歳+61歳+62歳+63歳+64歳+65歳+66歳+67歳+68歳+69歳+70歳+71歳+72歳+73歳+74歳+75歳+76歳+77歳+78歳+79歳+80歳+81歳+82歳+83歳+84歳+85歳+86歳+87歳+88歳+89歳+90歳以上,千人,確定値・各歳,60歳以上,36.91,2026-09-07T17:11:17+00:00
npa_suicide_by_age_rate,2000,不詳,313,不詳,126926000,総数,千人,確定値・各歳,総人口（年齢不詳のため）,0.25,2026-09-07T17:11:17+00:00
npa_suicide_by_age_rate,2001,合計,31042,合計,127291000,総数,千人,確定値・各歳,合計,24.39,2026-09-07T17:11:17+00:00
npa_suicide_by_age_rate,2001,0-19歳,586,～19歳,25634000,0歳+1歳+2歳+3歳+4歳+5歳+6歳+7歳+8歳+9歳+10歳+11歳+12歳+13歳+14歳+15歳+16歳+17歳+18歳+19歳,千人,確定値・各歳,0-19歳,2.29,2026-09-07T17:11:17+00:00
npa_suicide_by_age_rate,2001,20-29歳,3095,20～29歳,17906000,20歳+21歳+22歳+23歳+24歳+25歳+26歳+27歳+28歳+29歳,千人,確定値・各歳,20-29歳,17.28,2026-09-07T17:11:17+00:00
npa_suicide_by_age_rate,2001,30-39歳,3622,30～39歳,17339000,30歳+31歳+32歳+33歳+34歳+35歳+36歳+37歳+38歳+39歳,千人,確定値・各歳,30-39歳,20.89,2026-09-07T17:11:17+00:00
npa_suicide_by_age_rate,2001,40-49歳,4643,40～49歳,16283000,40歳+41歳+42歳+43歳+44歳+45歳+46歳+47歳+48歳+49歳,千人,確定値・各歳,40-49歳,28.51,2026-09-07T17:11:17+00:00
npa_suicide_by_age_rate,2001,50-59歳,7883,50～59歳,19344000,50歳+51歳+52歳+53歳+54歳+55歳+56歳+57歳+58歳+59歳,千人,確定値・各歳,50-59歳,40.75,2026-09-07T17:11:17+00:00
npa_suicide_by_age_rate,2001,60歳以上,10891,60歳～,30786000,60歳+61歳+62歳+63歳+64歳+65歳+66歳+67歳+68歳+69歳+70歳+71歳+72歳+73歳+74歳+75歳+76歳+77歳+78歳+79歳+80歳+81歳+82歳+83歳+84歳+85歳+86歳+87歳+88歳+89歳+90歳以上,千人,確定値・各歳,60歳以上,35.38,2026-09-07T17:11:17+00:00
npa_suicide_by_age_rate,2001,不詳,322,不詳,127291000,総数,千人,確定値・各歳,総人口（年齢不詳のため）,0.25,2026-09-07T17:11:17+00:00
npa_suicide_by_age_rate,2002,合計,32143,合計,127435000,総数,千人,確定値・各歳,合計,25.22,2026-09-07T17:11:17+00:00
npa_suicide_by_age_rate,2002,0-19歳,502,～19歳,25297000,0歳+1歳+2歳+3歳+4歳+5歳+6歳+7歳+8歳+9歳+10歳+11歳+12歳+13歳+14歳+15歳+16歳+17歳+18歳+19歳,千人,確定値・各歳,0-19歳,1.98,2026-09-07T17:11:17+00:00
npa_suicide_by_age_rate,2002,20-29歳,3018,20～29歳,17442000,20歳+21歳+22歳+23歳+24歳+25歳+26歳+27歳+28歳+29歳,千人,確定値・各歳,20-29歳,17.30,2026-09-07T17:11:17+00:00
npa_suicide_by_age_rate,2002,30-39歳,3935,30～39歳,17753000,30歳+31歳+32歳+33歳+34歳+35歳+36歳+37歳+38歳+39歳,千人,確定値・各歳,30-39歳,22.17,2026-09-07T17:11:17+00:00
npa_suicide_by_age_rate,2002,40-49歳,4813,40～49歳,15946000,40歳+41歳+42歳+43歳+44歳+45歳+46歳+47歳+48歳+49歳,千人,確定値・各歳,40-49歳,30.18,2026-09-07T17:11:17+00:00
npa_suicide_by_age_rate,2002,50-59歳,8462,50～59歳,19265000,50歳+51歳+52歳+53歳+54歳+55歳+56歳+57歳+58歳+59歳,千人,確定値・各歳,50-59歳,43.92,2026-09-07T17:11:17+00:00
npa_suicide_by_age_rate,2002,60歳以上,11119,60歳～,31731000,60歳+61歳+62歳+63歳+64歳+65歳+66歳+67歳+68歳+69歳+70歳+71歳+72歳+73歳+74歳+75歳+76歳+77歳+78歳+79歳+80歳+81歳+82歳+83歳+84歳+85歳+86歳+87歳+88歳+89歳+90歳以上,千人,確定値・各歳,60歳以上,35.04,2026-09-07T17:11:17+00:00
npa_suicide_by_age_rate,2002,不詳,294,不詳,127435000,総数,千人,確定値・各歳,総人口（年齢不詳のため）,0.23,2026-09-07T17:11:17+00:00
npa_suicide_by_age_rate,2003,合計,34427,合計,127619000,総数,千人,確定値・各歳,合計,26.98,2026-09-07T17:11:17+00:00
npa_suicide_by_age_rate,2003,0-19歳,613,～19歳,24903000,0歳+1歳+2歳+3歳+4歳+5歳+6歳+7歳+8歳+9歳+10歳+11歳+12歳+13歳+14歳+15歳+16歳+17歳+18歳+19歳,千人,確定値・各歳,0-19歳,2.46,2026-09-07T17:11:17+00:00
npa_suicide_by_age_rate,2003,20-29歳,3353,20～29歳,16965000,20歳+21歳+22歳+23歳+24歳+25歳+26歳+27歳+28歳+29歳,千人,確定値・各歳,20-29歳,19.76,2026-09-07T17:11:17+00:00
npa_suicide_by_age_rate,2003,30-39歳,4603,30～39歳,18168000,30歳+31歳+32歳+33歳+34歳+35歳+36歳+37歳+38歳+39歳,千人,確定値・各歳,30-39歳,25.34,2026-09-07T17:11:17+00:00
npa_suicide_by_age_rate,2003,40-49歳,5419,40～49歳,15787000,40歳+41歳+42歳+43歳+44歳+45歳+46歳+47歳+48歳+49歳,千人,確定値・各歳,40-49歳,34.33,2026-09-07T17:11:17+00:00
npa_suicide_by_age_rate,2003,50-59歳,8614,50～59歳,19184000,50歳+51歳+52歳+53歳+54歳+55歳+56歳+57歳+58歳+59歳,千人,確定値・各歳,50-59歳,44.90,2026-09-07T17:11:17+00:00
npa_suicide_by_age_rate,2003,60歳以上,11529,60歳～,32614000,60歳+61歳+62歳+63歳+64歳+65歳+66歳+67歳+68歳+69歳+70歳+71歳+72歳+73歳+74歳+75歳+76歳+77歳+78歳+79歳+80歳+81歳+82歳+83歳+84歳+85歳+86歳+87歳+88歳+89歳+90歳以上,千人,確定値・各歳,60歳以上,35.35,2026-09-07T17:11:17+00:00
npa_suicide_by_age_rate,2003,不詳,296,不詳,127619000,総数,千人,確定値・各歳,総人口（年齢不詳のため）,0.23,2026-09-07T17:11:17+00:00
npa_suicide_by_age_rate,2004,合計,32325,合計,127687000,総数,千人,確定値・各歳,合計,25.32,2026-09-07T17:11:17+00:00
npa_suicide_by_age_rate,2004,0-19歳,589,～19歳,24496000,0歳+1歳+2歳+3歳+4歳+5歳+6歳+7歳+8歳+9歳+10歳+11歳+12歳+13歳+14歳+15歳+16歳+17歳+18歳+19歳,千人,確定値・各歳,0-19歳,2.40,2026-09-07T17:11:17+00:00
npa_suicide_by_age_rate,2004,20-29歳,3247,20～29歳,16480000,20歳+21歳+22歳+23歳+24歳+25歳+26歳+27歳+28歳+29歳,千人,確定値・各歳,20-29歳,19.70,2026-09-07T17:11:17+00:00
npa_suicide_by_age_rate,2004,30-39歳,4333,30～39歳,18480000,30歳+31歳+32歳+33歳+34歳+35歳+36歳+37歳+38歳+39歳,千人,確定値・各歳,30-39歳,23.45,2026-09-07T17:11:17+00:00
npa_suicide_by_age_rate,2004,40-49歳,5102,40～49歳,15763000,40歳+41歳+42歳+43歳+44歳+45歳+46歳+47歳+48歳+49歳,千人,確定値・各歳,40-49歳,32.37,2026-09-07T17:11:17+00:00
npa_suicide_by_age_rate,2004,50-59歳,7772,50～59歳,18940000,50歳+51歳+52歳+53歳+54歳+55歳+56歳+57歳+58歳+59歳,千人,確定値・各歳,50-59歳,41.03,2026-09-07T17:11:17+00:00
npa_suicide_by_age_rate,2004,60歳以上,10994,60歳～,33530000,60歳+61歳+62歳+63歳+64歳+65歳+66歳+67歳+68歳+69歳+70歳+71歳+72歳+73歳+74歳+75歳+76歳+77歳+78歳+79歳+80歳+81歳+82歳+83歳+84歳+85歳+86歳+87歳+88歳+89歳+90歳以上,千人,確定値・各歳,60歳以上,32.79,2026-09-07T17:11:17+00:00
npa_suicide_by_age_rate,2004,不詳,288,不詳,127687000,総数,千人,確定値・各歳,総人口（年齢不詳のため）,0.23,2026-09-07T17:11:17+00:00
npa_suicide_by_age_rate,2005,合計,32552,合計,127768000,総数,千人,確定値・各歳,合計,25.48,2026-09-07T17:11:17+00:00
npa_suicide_by_age_rate,2005,0-19歳,608,～19歳,24178000,0歳+1歳+2歳+3歳+4歳+5歳+6歳+7歳+8歳+9歳+10歳+11歳+12歳+13歳+14歳+15歳+16歳+17歳+18歳+19歳,千人,確定値・各歳,0-19歳,2.51,2026-09-07T17:11:17+00:00
npa_suicide_by_age_rate,2005,20-29歳,3409,20～29歳,15696000,20歳+21歳+22歳+23歳+24歳+25歳+26歳+27歳+28歳+29歳,千人,確定値・各歳,20-29歳,21.72,2026-09-07T17:11:17+00:00
npa_suicide_by_age_rate,2005,30-39歳,4606,30～39歳,18567000,30歳+31歳+32歳+33歳+34歳+35歳+36歳+37歳+38歳+39歳,千人,確定値・各歳,30-39歳,24.81,2026-09-07T17:11:17+00:00
npa_suicide_by_age_rate,2005,40-49歳,5208,40～49歳,15866000,40歳+41歳+42歳+43歳+44歳+45歳+46歳+47歳+48歳+49歳,千人,確定値・各歳,40-49歳,32.82,2026-09-07T17:11:17+00:00
npa_suicide_by_age_rate,2005,50-59歳,7586,50～59歳,19122000,50歳+51歳+52歳+53歳+54歳+55歳+56歳+57歳+58歳+59歳,千人,確定値・各歳,50-59歳,39.67,2026-09-07T17:11:17+00:00
npa_suicide_by_age_rate,2005,60歳以上,10894,60歳～,34337000,60歳+61歳+62歳+63歳+64歳+65歳+66歳+67歳+68歳+69歳+70歳+71歳+72歳+73歳+74歳+75歳+76歳+77歳+78歳+79歳+80歳+81歳+82歳+83歳+84歳+85歳+86歳+87歳+88歳+89歳+90歳+91歳+92歳+93歳+94歳+95歳+96歳+97歳+98歳+99歳+100歳以上,千人,確定値・各歳,60歳以上,31.73,2026-09-07T17:11:17+00:00
npa_suicide_by_age_rate,2005,不詳,241,不詳,127768000,総数,千人,確定値・各歳,総人口（年齢不詳のため）,0.19,2026-09-07T17:11:17+00:00
npa_suicide_by_age_rate,2006,合計,32155,合計,127770000,総数,千人,確定値・各歳,合計,25.17,2026-09-07T17:11:17+00:00
npa_suicide_by_age_rate,2006,0-19歳,623,～19歳,23859000,0歳+1歳+2歳+3歳+4歳+5歳+6歳+7歳+8歳+9歳+10歳+11歳+12歳+13歳+14歳+15歳+16歳+17歳+18歳+19歳,千人,確定値・各歳,0-19歳,2.61,2026-09-07T17:11:17+00:00
npa_suicide_by_age_rate,2006,20-29歳,3395,20～29歳,15326000,20歳+21歳+22歳+23歳+24歳+25歳+26歳+27歳+28歳+29歳,千人,確定値・各歳,20-29歳,22.15,2026-09-07T17:11:17+00:00
npa_suicide_by_age_rate,2006,30-39歳,4497,30～39歳,18917000,30歳+31歳+32歳+33歳+34歳+35歳+36歳+37歳+38歳+39歳,千人,確定値・各歳,30-39歳,23.77,2026-09-07T17:11:17+00:00
npa_suicide_by_age_rate,2006,40-49歳,5008,40～49歳,15676000,40歳+41歳+42歳+43歳+44歳+45歳+46歳+47歳+48歳+49歳,千人,確定値・各歳,40-49歳,31.95,2026-09-07T17:11:17+00:00
npa_suicide_by_age_rate,2006,50-59歳,7246,50～59歳,19244000,50歳+51歳+52歳+53歳+54歳+55歳+56歳+57歳+58歳+59歳,千人,確定値・各歳,50-59歳,37.65,2026-09-07T17:11:17+00:00
npa_suicide_by_age_rate,2006,60歳以上,11120,60歳～,34744000,60歳+61歳+62歳+63歳+64歳+65歳+66歳+67歳+68歳+69歳+70歳+71歳+72歳+73歳+74歳+75歳+76歳+77歳+78歳+79歳+80歳+81歳+82歳+83歳+84歳+85歳+86歳+87歳+88歳+89歳+90歳+91歳+92歳+93歳+94歳+95歳+96歳+97歳+98歳+99歳+100歳以上,千人,確定値・各歳,60歳以上,32.01,2026-09-07T17:11:17+00:00
npa_suicide_by_age_rate,2006,不詳,266,不詳,127770000,総数,千人,確定値・各歳,総人口（年齢不詳のため）,0.21,2026-09-07T17:11:17+00:00
npa_suicide_by_age_rate,2007,合計,33093,合計,127771000,総数,千人,確定値・各歳,合計,25.90,2026-09-07T17:11:17+00:00
npa_suicide_by_age_rate,2007,0-19歳,548,～19歳,23574000,0歳+1歳+2歳+3歳+4歳+5歳+6歳+7歳+8歳+9歳+10歳+11歳+12歳+13歳+14歳+15歳+16歳+17歳+18歳+19歳,千人,確定値・各歳,0-19歳,2.32,2026-09-07T17:11:17+00:00
npa_suicide_by_age_rate,2007,20-29歳,3309,20～29歳,15033000,20歳+21歳+22歳+23歳+24歳+25歳+26歳+27歳+28歳+29歳,千人,確定値・各歳,20-29歳,22.01,2026-09-07T17:11:17+00:00
npa_suicide_by_age_rate,2007,30-39歳,4767,30～39歳,18790000,30歳+31歳+32歳+33歳+34歳+35歳+36歳+37歳+38歳+39歳,千人,確定値・各歳,30-39歳,25.37,2026-09-07T17:11:17+00:00
npa_suicide_by_age_rate,2007,40-49歳,5096,40～49歳,15954000,40歳+41歳+42歳+43歳+44歳+45歳+46歳+47歳+48歳+49歳,千人,確定値・各歳,40-49歳,31.94,2026-09-07T17:11:17+00:00
npa_suicide_by_age_rate,2007,50-59歳,7046,50～59歳,18485000,50歳+51歳+52歳+53歳+54歳+55歳+56歳+57歳+58歳+59歳,千人,確定値・各歳,50-59歳,38.12,2026-09-07T17:11:17+00:00
npa_suicide_by_age_rate,2007,60歳以上,12107,60～69歳+70～79歳+80歳～,35937000,60歳+61歳+62歳+63歳+64歳+65歳+66歳+67歳+68歳+69歳+70歳+71歳+72歳+73歳+74歳+75歳+76歳+77歳+78歳+79歳+80歳+81歳+82歳+83歳+84歳+85歳+86歳+87歳+88歳+89歳+90歳+91歳+92歳+93歳+94歳+95歳+96歳+97歳+98歳+99歳+100歳以上,千人,確定値・各歳,60歳以上,33.69,2026-09-07T17:11:17+00:00
npa_suicide_by_age_rate,2007,不詳,220,不詳,127771000,総数,千人,確定値・各歳,総人口（年齢不詳のため）,0.17,2026-09-07T17:11:17+00:00
npa_suicide_by_age_rate,2008,合計,32249,合計,127692000,総数,千人,確定値・各歳,合計,25.26,2026-09-07T17:11:17+00:00
npa_suicide_by_age_rate,2008,0-19歳,611,～19歳,23331000,0歳+1歳+2歳+3歳+4歳+5歳+6歳+7歳+8歳+9歳+10歳+11歳+12歳+13歳+14歳+15歳+16歳+17歳+18歳+19歳,千人,確定値・各歳,0-19歳,2.62,2026-09-07T17:11:17+00:00
npa_suicide_by_age_rate,2008,20-29歳,3438,20～29歳,14735000,20歳+21歳+22歳+23歳+24歳+25歳+26歳+27歳+28歳+29歳,千人,確定値・各歳,20-29歳,23.33,2026-09-07T17:11:17+00:00
npa_suicide_by_age_rate,2008,30-39歳,4850,30～39歳,18605000,30歳+31歳+32歳+33歳+34歳+35歳+36歳+37歳+38歳+39歳,千人,確定値・各歳,30-39歳,26.07,2026-09-07T17:11:17+00:00
npa_suicide_by_age_rate,2008,40-49歳,4970,40～49歳,16187000,40歳+41歳+42歳+43歳+44歳+45歳+46歳+47歳+48歳+49歳,千人,確定値・各歳,40-49歳,30.70,2026-09-07T17:11:17+00:00
npa_suicide_by_age_rate,2008,50-59歳,6363,50～59歳,17660000,50歳+51歳+52歳+53歳+54歳+55歳+56歳+57歳+58歳+59歳,千人,確定値・各歳,50-59歳,36.03,2026-09-07T17:11:17+00:00
npa_suicide_by_age_rate,2008,60歳以上,11793,60～69歳+70～79歳+80歳～,37176000,60歳+61歳+62歳+63歳+64歳+65歳+66歳+67歳+68歳+69歳+70歳+71歳+72歳+73歳+74歳+75歳+76歳+77歳+78歳+79歳+80歳+81歳+82歳+83歳+84歳+85歳+86歳+87歳+88歳+89歳+90歳+91歳+92歳+93歳+94歳+95歳+96歳+97歳+98歳+99歳+100歳以上,千人,確定値・各歳,60歳以上,31.72,2026-09-07T17:11:17+00:00
npa_suicide_by_age_rate,2008,不詳,224,不詳,127692000,総数,千人,確定値・各歳,総人口（年齢不詳のため）,0.18,2026-09-07T17:11:17+00:00
npa_suicide_by_age_rate,2009,合計,32845,合計,127510000,総数,千人,確定値・各歳,合計,25.76,2026-09-07T17:11:17+00:00
npa_suicide_by_age_rate,2009,0-19歳,565,～９歳+10～19歳,23088000,0歳+1歳+2歳+3歳+4歳+5歳+6歳+7歳+8歳+9歳+10歳+11歳+12歳+13歳+14歳+15歳+16歳+17歳+18歳+19歳,千人,確定値・各歳,0-19歳,2.45,2026-09-07T17:11:17+00:00
npa_suicide_by_age_rate,2009,20-29歳,3470,20～29歳,14417000,20歳+21歳+22歳+23歳+24歳+25歳+26歳+27歳+28歳+29歳,千人,確定値・各歳,20-29歳,24.07,2026-09-07T17:11:17+00:00
npa_suicide_by_age_rate,2009,30-39歳,4794,30～39歳,18306000,30歳+31歳+32歳+33歳+34歳+35歳+36歳+37歳+38歳+39歳,千人,確定値・各歳,30-39歳,26.19,2026-09-07T17:11:17+00:00
npa_suicide_by_age_rate,2009,40-49歳,5261,40～49歳,16407000,40歳+41歳+42歳+43歳+44歳+45歳+46歳+47歳+48歳+49歳,千人,確定値・各歳,40-49歳,32.07,2026-09-07T17:11:17+00:00
npa_suicide_by_age_rate,2009,50-59歳,6491,50～59歳,16872000,50歳+51歳+52歳+53歳+54歳+55歳+56歳+57歳+58歳+59歳,千人,確定値・各歳,50-59歳,38.47,2026-09-07T17:11:17+00:00
npa_suicide_by_age_rate,2009,60歳以上,12034,60～69歳+70～79歳+80歳～,38419000,60歳+61歳+62歳+63歳+64歳+65歳+66歳+67歳+68歳+69歳+70歳+71歳+72歳+73歳+74歳+75歳+76歳+77歳+78歳+79歳+80歳+81歳+82歳+83歳+84歳+85歳+86歳+87歳+88歳+89歳+90歳+91歳+92歳+93歳+94歳+95歳+96歳+97歳+98歳+99歳+100歳以上,千人,確定値・各歳,60歳以上,31.32,2026-09-07T17:11:17+00:00
npa_suicide_by_age_rate,2009,不詳,230,不詳,127510000,総数,千人,確定値・各歳,総人口（年齢不詳のため）,0.18,2026-09-07T17:11:17+00:00
npa_suicide_by_age_rate,2010,合計,31690,合計,128057000,総数,千人,確定値・各歳,合計,24.75,2026-09-07T17:11:17+00:00
npa_suicide_by_age_rate,2010,0-19歳,552,～９歳+10～19歳,22933000,0歳+1歳+2歳+3歳+4歳+5歳+6歳+7歳+8歳+9歳+10歳+11歳+12歳+13歳+14歳+15歳+16歳+17歳+18歳+19歳,千人,確定値・各歳,0-19歳,2.41,2026-09-07T17:11:17+00:00
npa_suicide_by_age_rate,2010,20-29歳,3240,20～29歳,13915000,20歳+21歳+22歳+23歳+24歳+25歳+26歳+27歳+28歳+29歳,千人,確定値・各歳,20-29歳,23.28,2026-09-07T17:11:17+00:00
npa_suicide_by_age_rate,2010,30-39歳,4596,30～39歳,18284000,30歳+31歳+32歳+33歳+34歳+35歳+36歳+37歳+38歳+39歳,千人,確定値・各歳,30-39歳,25.14,2026-09-07T17:11:17+00:00
npa_suicide_by_age_rate,2010,40-49歳,5165,40～49歳,16901000,40歳+41歳+42歳+43歳+44歳+45歳+46歳+47歳+48歳+49歳,千人,確定値・各歳,40-49歳,30.56,2026-09-07T17:11:17+00:00
npa_suicide_by_age_rate,2010,50-59歳,5959,50～59歳,16427000,50歳+51歳+52歳+53歳+54歳+55歳+56歳+57歳+58歳+59歳,千人,確定値・各歳,50-59歳,36.28,2026-09-07T17:11:17+00:00
npa_suicide_by_age_rate,2010,60歳以上,11982,60～69歳+70～79歳+80歳～,39597000,60歳+61歳+62歳+63歳+64歳+65歳+66歳+67歳+68歳+69歳+70歳+71歳+72歳+73歳+74歳+75歳+76歳+77歳+78歳+79歳+80歳+81歳+82歳+83歳+84歳+85歳+86歳+87歳+88歳+89歳+90歳+91歳+92歳+93歳+94歳+95歳+96歳+97歳+98歳+99歳+100歳以上,千人,確定値・各歳,60歳以上,30.26,2026-09-07T17:11:17+00:00
npa_suicide_by_age_rate,2010,不詳,196,不詳,128057000,総数,千人,確定値・各歳,総人口（年齢不詳のため）,0.15,2026-09-07T17:11:17+00:00
npa_suicide_by_age_rate,2011,合計,30651,合計,127799000,総数,千人,確定値・各歳,合計,23.98,2026-09-07T17:11:17+00:00
npa_suicide_by_age_rate,2011,0-19歳,622,～９歳+10～19歳,22779000,0歳+1歳+2歳+3歳+4歳+5歳+6歳+7歳+8歳+9歳+10歳+11歳+12歳+13歳+14歳+15歳+16歳+17歳+18歳+19歳,千人,確定値・各歳,0-19歳,2.73,2026-09-07T17:11:17+00:00
npa_suicide_by_age_rate,2011,20-29歳,3304,20～29歳,13589000,20歳+21歳+22歳+23歳+24歳+25歳+26歳+27歳+28歳+29歳,千人,確定値・各歳,20-29歳,24.31,2026-09-07T17:11:17+00:00
npa_suicide_by_age_rate,2011,30-39歳,4455,30～39歳,17806000,30歳+31歳+32歳+33歳+34歳+35歳+36歳+37歳+38歳+39歳,千人,確定値・各歳,30-39歳,25.02,2026-09-07T17:11:17+00:00
npa_suicide_by_age_rate,2011,40-49歳,5053,40～49歳,17281000,40歳+41歳+42歳+43歳+44歳+45歳+46歳+47歳+48歳+49歳,千人,確定値・各歳,40-49歳,29.24,2026-09-07T17:11:17+00:00
npa_suicide_by_age_rate,2011,50-59歳,5375,50～59歳,15960000,50歳+51歳+52歳+53歳+54歳+55歳+56歳+57歳+58歳+59歳,千人,確定値・各歳,50-59歳,33.68,2026-09-07T17:11:17+00:00
npa_suicide_by_age_rate,2011,60歳以上,11661,60～69歳+70～79歳+80歳～,40383000,60歳+61歳+62歳+63歳+64歳+65歳+66歳+67歳+68歳+69歳+70歳+71歳+72歳+73歳+74歳+75歳+76歳+77歳+78歳+79歳+80歳+81歳+82歳+83歳+84歳+85歳+86歳+87歳+88歳+89歳+90歳+91歳+92歳+93歳+94歳+95歳+96歳+97歳+98歳+99歳+100歳以上,千人,確定値・各歳,60歳以上,28.88,2026-09-07T17:11:17+00:00
npa_suicide_by_age_rate,2011,不詳,181,不詳,127799000,総数,千人,確定値・各歳,総人口（年齢不詳のため）,0.14,2026-09-07T17:11:17+00:00
npa_suicide_by_age_rate,2012,合計,27858,合計,127515000,総数,千人,確定値・各歳,合計,21.85,2026-09-07T17:11:17+00:00
npa_suicide_by_age_rate,2012,0-19歳,587,～９歳+10～19歳,22596000,0歳+1歳+2歳+3歳+4歳+5歳+6歳+7歳+8歳+9歳+10歳+11歳+12歳+13歳+14歳+15歳+16歳+17歳+18歳+19歳,千人,確定値・各歳,0-19歳,2.60,2026-09-07T17:11:17+00:00
npa_suicide_by_age_rate,2012,20-29歳,3000,20～29歳,13320000,20歳+21歳+22歳+23歳+24歳+25歳+26歳+27歳+28歳+29歳,千人,確定値・各歳,20-29歳,22.52,2026-09-07T17:11:17+00:00
npa_suicide_by_age_rate,2012,30-39歳,3781,30～39歳,17254000,30歳+31歳+32歳+33歳+34歳+35歳+36歳+37歳+38歳+39歳,千人,確定値・各歳,30-39歳,21.91,2026-09-07T17:11:17+00:00
npa_suicide_by_age_rate,2012,40-49歳,4616,40～49歳,17673000,40歳+41歳+42歳+43歳+44歳+45歳+46歳+47歳+48歳+49歳,千人,確定値・各歳,40-49歳,26.12,2026-09-07T17:11:17+00:00
npa_suicide_by_age_rate,2012,50-59歳,4668,50～59歳,15631000,50歳+51歳+52歳+53歳+54歳+55歳+56歳+57歳+58歳+59歳,千人,確定値・各歳,50-59歳,29.86,2026-09-07T17:11:17+00:00
npa_suicide_by_age_rate,2012,60歳以上,11048,60～69歳+70～79歳+80歳～,41038000,60歳+61歳+62歳+63歳+64歳+65歳+66歳+67歳+68歳+69歳+70歳+71歳+72歳+73歳+74歳+75歳+76歳+77歳+78歳+79歳+80歳+81歳+82歳+83歳+84歳+85歳+86歳+87歳+88歳+89歳+90歳+91歳+92歳+93歳+94歳+95歳+96歳+97歳+98歳+99歳+100歳以上,千人,確定値・各歳,60歳以上,26.92,2026-09-07T17:11:17+00:00
npa_suicide_by_age_rate,2012,不詳,158,不詳,127515000,総数,千人,確定値・各歳,総人口（年齢不詳のため）,0.12,2026-09-07T17:11:17+00:00
npa_suicide_by_age_rate,2013,合計,27283,合計,127298000,総数,千人,確定値・各歳,合計,21.43,2026-09-07T17:11:17+00:00
npa_suicide_by_age_rate,2013,0-19歳,547,～９歳+10～19歳,22436000,0歳+1歳+2歳+3歳+4歳+5歳+6歳+7歳+8歳+9歳+10歳+11歳+12歳+13歳+14歳+15歳+16歳+17歳+18歳+19歳,千人,確定値・各歳,0-19歳,2.44,2026-09-07T17:11:17+00:00
npa_suicide_by_age_rate,2013,20-29歳,2801,20～29歳,13075000,20歳+21歳+22歳+23歳+24歳+25歳+26歳+27歳+28歳+29歳,千人,確定値・各歳,20-29歳,21.42,2026-09-07T17:11:17+00:00
npa_suicide_by_age_rate,2013,30-39歳,3705,30～39歳,16683000,30歳+31歳+32歳+33歳+34歳+35歳+36歳+37歳+38歳+39歳,千人,確定値・各歳,30-39歳,22.21,2026-09-07T17:11:17+00:00
npa_suicide_by_age_rate,2013,40-49歳,4589,40～49歳,18074000,40歳+41歳+42歳+43歳+44歳+45歳+46歳+47歳+48歳+49歳,千人,確定値・各歳,40-49歳,25.39,2026-09-07T17:11:17+00:00
npa_suicide_by_age_rate,2013,50-59歳,4484,50～59歳,15465000,50歳+51歳+52歳+53歳+54歳+55歳+56歳+57歳+58歳+59歳,千人,確定値・各歳,50-59歳,28.99,2026-09-07T17:11:17+00:00
npa_suicide_by_age_rate,2013,60歳以上,11034,60～69歳+70～79歳+80歳～,41565000,60歳+61歳+62歳+63歳+64歳+65歳+66歳+67歳+68歳+69歳+70歳+71歳+72歳+73歳+74歳+75歳+76歳+77歳+78歳+79歳+80歳+81歳+82歳+83歳+84歳+85歳+86歳+87歳+88歳+89歳+90歳+91歳+92歳+93歳+94歳+95歳+96歳+97歳+98歳+99歳+100歳以上,千人,確定値・各歳,60歳以上,26.55,2026-09-07T17:11:17+00:00
npa_suicide_by_age_rate,2013,不詳,123,不詳,127298000,総数,千人,確定値・各歳,総人口（年齢不詳のため）,0.10,2026-09-07T17:11:17+00:00
npa_suicide_by_age_rate,2014,合計,25427,合計,127083000,総数,千人,確定値・各歳,合計,20.01,2026-09-07T17:11:17+00:00
npa_suicide_by_age_rate,2014,0-19歳,538,～９歳+10～19歳,22239000,0歳+1歳+2歳+3歳+4歳+5歳+6歳+7歳+8歳+9歳+10歳+11歳+12歳+13歳+14歳+15歳+16歳+17歳+18歳+19歳,千人,確定値・各歳,0-19歳,2.42,2026-09-07T17:11:17+00:00
npa_suicide_by_age_rate,2014,20-29歳,2684,20～29歳,12880000,20歳+21歳+22歳+23歳+24歳+25歳+26歳+27歳+28歳+29歳,千人,確定値・各歳,20-29歳,20.84,2026-09-07T17:11:17+00:00
npa_suicide_by_age_rate,2014,30-39歳,3413,30～39歳,16136000,30歳+31歳+32歳+33歳+34歳+35歳+36歳+37歳+38歳+39歳,千人,確定値・各歳,30-39歳,21.15,2026-09-07T17:11:17+00:00
npa_suicide_by_age_rate,2014,40-49歳,4234,40～49歳,18402000,40歳+41歳+42歳+43歳+44歳+45歳+46歳+47歳+48歳+49歳,千人,確定値・各歳,40-49歳,23.01,2026-09-07T17:11:17+00:00
npa_suicide_by_age_rate,2014,50-59歳,4181,50～59歳,15443000,50歳+51歳+52歳+53歳+54歳+55歳+56歳+57歳+58歳+59歳,千人,確定値・各歳,50-59歳,27.07,2026-09-07T17:11:17+00:00
npa_suicide_by_age_rate,2014,60歳以上,10290,60～69歳+70～79歳+80歳～,41978000,60歳+61歳+62歳+63歳+64歳+65歳+66歳+67歳+68歳+69歳+70歳+71歳+72歳+73歳+74歳+75歳+76歳+77歳+78歳+79歳+80歳+81歳+82歳+83歳+84歳+85歳+86歳+87歳+88歳+89歳+90歳+91歳+92歳+93歳+94歳+95歳+96歳+97歳+98歳+99歳+100歳以上,千人,確定値・各歳,60歳以上,24.51,2026-09-07T17:11:17+00:00
npa_suicide_by_age_rate,2014,不詳,87,不詳,127083000,総数,千人,確定値・各歳,総人口（年齢不詳のため）,0.07,2026-09-07T17:11:17+00:00
npa_suicide_by_age_rate,2015,合計,24025,合計,127095000,総数,千人,確定値・各歳,合計,18.90,2026-09-07T17:11:17+00:00
npa_suicide_by_age_rate,2015,0-19歳,554,～９歳+10～19歳,22001000,0歳+1歳+2歳+3歳+4歳+5歳+6歳+7歳+8歳+9歳+10歳+11歳+12歳+13歳+14歳+15歳+16歳+17歳+18歳+19歳,千人,確定値・各歳,0-19歳,2.52,2026-09-07T17:11:17+00:00
npa_suicide_by_age_rate,2015,20-29歳,2352,20～29歳,12624000,20歳+21歳+22歳+23歳+24歳+25歳+26歳+27歳+28歳+29歳,千人,確定値・各歳,20-29歳,18.63,2026-09-07T17:11:17+00:00
npa_suicide_by_age_rate,2015,30-39歳,3087,30～39歳,15813000,30歳+31歳+32歳+33歳+34歳+35歳+36歳+37歳+38歳+39歳,千人,確定値・各歳,30-39歳,19.52,2026-09-07T17:11:17+00:00
npa_suicide_by_age_rate,2015,40-49歳,4069,40～49歳,18613000,40歳+41歳+42歳+43歳+44歳+45歳+46歳+47歳+48歳+49歳,千人,確定値・各歳,40-49歳,21.86,2026-09-07T17:11:17+00:00
npa_suicide_by_age_rate,2015,50-59歳,3979,50～59歳,15625000,50歳+51歳+52歳+53歳+54歳+55歳+56歳+57歳+58歳+59歳,千人,確定値・各歳,50-59歳,25.47,2026-09-07T17:11:17+00:00
npa_suicide_by_age_rate,2015,60歳以上,9883,60～69歳+70～79歳+80歳～,42418000,60歳+61歳+62歳+63歳+64歳+65歳+66歳+67歳+68歳+69歳+70歳+71歳+72歳+73歳+74歳+75歳+76歳+77歳+78歳+79歳+80歳+81歳+82歳+83歳+84歳+85歳+86歳+87歳+88歳+89歳+90歳+91歳+92歳+93歳+94歳+95歳+96歳+97歳+98歳+99歳+100歳以上,千人,確定値・各歳,60歳以上,23.30,2026-09-07T17:11:17+00:00
npa_suicide_by_age_rate,2015,不詳,101,不詳,127095000,総数,千人,確定値・各歳,総人口（年齢不詳のため）,0.08,2026-09-07T17:11:17+00:00
npa_suicide_by_age_rate,2016,合計,21897,合計,126933000,総数,千人,確定値・各歳,合計,17.25,2026-09-07T17:11:17+00:00
npa_suicide_by_age_rate,2016,0-19歳,520,～９歳+10～19歳,21820000,0歳+1歳+2歳+3歳+4歳+5歳+6歳+7歳+8歳+9歳+10歳+11歳+12歳+13歳+14歳+15歳+16歳+17歳+18歳+19歳,千人,確定値・各歳,0-19歳,2.38,2026-09-07T17:11:17+00:00
npa_suicide_by_age_rate,2016,20-29歳,2235,20～29歳,12542000,20歳+21歳+22歳+23歳+24歳+25歳+26歳+27歳+28歳+29歳,千人,確定値・各歳,20-29歳,17.82,2026-09-07T17:11:17+00:00
npa_suicide_by_age_rate,2016,30-39歳,2824,30～39歳,15375000,30歳+31歳+32歳+33歳+34歳+35歳+36歳+37歳+38歳+39歳,千人,確定値・各歳,30-39歳,18.37,2026-09-07T17:11:17+00:00
npa_suicide_by_age_rate,2016,40-49歳,3739,40～49歳,18994000,40歳+41歳+42歳+43歳+44歳+45歳+46歳+47歳+48歳+49歳,千人,確定値・各歳,40-49歳,19.69,2026-09-07T17:11:17+00:00
npa_suicide_by_age_rate,2016,50-59歳,3631,50～59歳,15449000,50歳+51歳+52歳+53歳+54歳+55歳+56歳+57歳+58歳+59歳,千人,確定値・各歳,50-59歳,23.50,2026-09-07T17:11:17+00:00
npa_suicide_by_age_rate,2016,60歳以上,8871,60～69歳+70～79歳+80歳～,42751000,60歳+61歳+62歳+63歳+64歳+65歳+66歳+67歳+68歳+69歳+70歳+71歳+72歳+73歳+74歳+75歳+76歳+77歳+78歳+79歳+80歳+81歳+82歳+83歳+84歳+85歳+86歳+87歳+88歳+89歳+90歳+91歳+92歳+93歳+94歳+95歳+96歳+97歳+98歳+99歳+100歳以上,千人,確定値・各歳,60歳以上,20.75,2026-09-07T17:11:17+00:00
npa_suicide_by_age_rate,2016,不詳,77,不詳,126933000,総数,千人,確定値・各歳,総人口（年齢不詳のため）,0.06,2026-09-07T17:11:17+00:00
npa_suicide_by_age_rate,2017,合計,21321,合計,126706000,総数,千人,確定値・各歳,合計,16.83,2026-09-07T17:11:17+00:00
npa_suicide_by_age_rate,2017,0-19歳,567,～９歳+10～19歳,21587000,0歳+1歳+2歳+3歳+4歳+5歳+6歳+7歳+8歳+9歳+10歳+11歳+12歳+13歳+14歳+15歳+16歳+17歳+18歳+19歳,千人,確定値・各歳,0-19歳,2.63,2026-09-07T17:11:17+00:00
npa_suicide_by_age_rate,2017,20-29歳,2213,20～29歳,12518000,20歳+21歳+22歳+23歳+24歳+25歳+26歳+27歳+28歳+29歳,千人,確定値・各歳,20-29歳,17.68,2026-09-07T17:11:17+00:00
npa_suicide_by_age_rate,2017,30-39歳,2703,30～39歳,14996000,30歳+31歳+32歳+33歳+34歳+35歳+36歳+37歳+38歳+39歳,千人,確定値・各歳,30-39歳,18.02,2026-09-07T17:11:17+00:00
npa_suicide_by_age_rate,2017,40-49歳,3668,40～49歳,18900000,40歳+41歳+42歳+43歳+44歳+45歳+46歳+47歳+48歳+49歳,千人,確定値・各歳,40-49歳,19.41,2026-09-07T17:11:17+00:00
npa_suicide_by_age_rate,2017,50-59歳,3593,50～59歳,15749000,50歳+51歳+52歳+53歳+54歳+55歳+56歳+57歳+58歳+59歳,千人,確定値・各歳,50-59歳,22.81,2026-09-07T17:11:17+00:00
npa_suicide_by_age_rate,2017,60歳以上,8521,60～69歳+70～79歳+80歳～,42956000,60歳+61歳+62歳+63歳+64歳+65歳+66歳+67歳+68歳+69歳+70歳+71歳+72歳+73歳+74歳+75歳+76歳+77歳+78歳+79歳+80歳+81歳+82歳+83歳+84歳+85歳+86歳+87歳+88歳+89歳+90歳+91歳+92歳+93歳+94歳+95歳+96歳+97歳+98歳+99歳+100歳以上,千人,確定値・各歳,60歳以上,19.84,2026-09-07T17:11:17+00:00
npa_suicide_by_age_rate,2017,不詳,56,不詳,126706000,総数,千人,確定値・各歳,総人口（年齢不詳のため）,0.04,2026-09-07T17:11:17+00:00
npa_suicide_by_age_rate,2018,合計,20840,合計,126443000,総数,千人,確定値・各歳,合計,16.48,2026-09-07T17:11:17+00:00
npa_suicide_by_age_rate,2018,0-19歳,599,～９歳+10～19歳,21324000,0歳+1歳+2歳+3歳+4歳+5歳+6歳+7歳+8歳+9歳+10歳+11歳+12歳+13歳+14歳+15歳+16歳+17歳+18歳+19歳,千人,確定値・各歳,0-19歳,2.81,2026-09-07T17:11:17+00:00
npa_suicide_by_age_rate,2018,20-29歳,2152,20～29歳,12552000,20歳+21歳+22歳+23歳+24歳+25歳+26歳+27歳+28歳+29歳,千人,確定値・各歳,20-29歳,17.14,2026-09-07T17:11:17+00:00
npa_suicide_by_age_rate,2018,30-39歳,2597,30～39歳,14629000,30歳+31歳+32歳+33歳+34歳+35歳+36歳+37歳+38歳+39歳,千人,確定値・各歳,30-39歳,17.75,2026-09-07T17:11:17+00:00
npa_suicide_by_age_rate,2018,40-49歳,3498,40～49歳,18760000,40歳+41歳+42歳+43歳+44歳+45歳+46歳+47歳+48歳+49歳,千人,確定値・各歳,40-49歳,18.65,2026-09-07T17:11:17+00:00
npa_suicide_by_age_rate,2018,50-59歳,3575,50～59歳,16010000,50歳+51歳+52歳+53歳+54歳+55歳+56歳+57歳+58歳+59歳,千人,確定値・各歳,50-59歳,22.33,2026-09-07T17:11:17+00:00
npa_suicide_by_age_rate,2018,60歳以上,8367,60～69歳+70～79歳+80歳～,43172000,60歳+61歳+62歳+63歳+64歳+65歳+66歳+67歳+68歳+69歳+70歳+71歳+72歳+73歳+74歳+75歳+76歳+77歳+78歳+79歳+80歳+81歳+82歳+83歳+84歳+85歳+86歳+87歳+88歳+89歳+90歳+91歳+92歳+93歳+94歳+95歳+96歳+97歳+98歳+99歳+100歳以上,千人,確定値・各歳,60歳以上,19.38,2026-09-07T17:11:17+00:00
npa_suicide_by_age_rate,2018,不詳,52,不詳,126443000,総数,千人,確定値・各歳,総人口（年齢不詳のため）,0.04,2026-09-07T17:11:17+00:00
npa_suicide_by_age_rate,2019,合計,20169,合計,126167000,総数,千人,確定値・各歳,合計,15.99,2026-09-07T17:11:17+00:00
npa_suicide_by_age_rate,2019,0-19歳,659,～９歳+10～19歳,21030000,0歳+1歳+2歳+3歳+4歳+5歳+6歳+7歳+8歳+9歳+10歳+11歳+12歳+13歳+14歳+15歳+16歳+17歳+18歳+19歳,千人,確定値・各歳,0-19歳,3.13,2026-09-07T17:11:17+00:00
npa_suicide_by_age_rate,2019,20-29歳,2117,20～29歳,12627000,20歳+21歳+22歳+23歳+24歳+25歳+26歳+27歳+28歳+29歳,千人,確定値・各歳,20-29歳,16.77,2026-09-07T17:11:17+00:00
npa_suicide_by_age_rate,2019,30-39歳,2526,30～39歳,14302000,30歳+31歳+32歳+33歳+34歳+35歳+36歳+37歳+38歳+39歳,千人,確定値・各歳,30-39歳,17.66,2026-09-07T17:11:17+00:00
npa_suicide_by_age_rate,2019,40-49歳,3426,40～49歳,18519000,40歳+41歳+42歳+43歳+44歳+45歳+46歳+47歳+48歳+49歳,千人,確定値・各歳,40-49歳,18.50,2026-09-07T17:11:17+00:00
npa_suicide_by_age_rate,2019,50-59歳,3435,50～59歳,16278000,50歳+51歳+52歳+53歳+54歳+55歳+56歳+57歳+58歳+59歳,千人,確定値・各歳,50-59歳,21.10,2026-09-07T17:11:17+00:00
npa_suicide_by_age_rate,2019,60歳以上,7953,60～69歳+70～79歳+80歳～,43408000,60歳+61歳+62歳+63歳+64歳+65歳+66歳+67歳+68歳+69歳+70歳+71歳+72歳+73歳+74歳+75歳+76歳+77歳+78歳+79歳+80歳+81歳+82歳+83歳+84歳+85歳+86歳+87歳+88歳+89歳+90歳+91歳+92歳+93歳+94歳+95歳+96歳+97歳+98歳+99歳+100歳以上,千人,確定値・各歳,60歳以上,18.32,2026-09-07T17:11:17+00:00
npa_suicide_by_age_rate,2019,不詳,53,不詳,126167000,総数,千人,確定値・各歳,総人口（年齢不詳のため）,0.04,2026-09-07T17:11:17+00:00
npa_suicide_by_age_rate,2020,合計,21081,合計,126146000,総数,千人,確定値・各歳,合計,16.71,2026-09-07T17:11:17+00:00
npa_suicide_by_age_rate,2020,0-19歳,777,～９歳+10～19歳,20739000,0歳+1歳+2歳+3歳+4歳+5歳+6歳+7歳+8歳+9歳+10歳+11歳+12歳+13歳+14歳+15歳+16歳+17歳+18歳+19歳,千人,確定値・各歳,0-19歳,3.75,2026-09-07T17:11:17+00:00
npa_suicide_by_age_rate,2020,20-29歳,2521,20～29歳,12703000,20歳+21歳+22歳+23歳+24歳+25歳+26歳+27歳+28歳+29歳,千人,確定値・各歳,20-29歳,19.85,2026-09-07T17:11:17+00:00
npa_suicide_by_age_rate,2020,30-39歳,2610,30～39歳,14213000,30歳+31歳+32歳+33歳+34歳+35歳+36歳+37歳+38歳+39歳,千人,確定値・各歳,30-39歳,18.36,2026-09-07T17:11:17+00:00
npa_suicide_by_age_rate,2020,40-49歳,3568,40～49歳,18345000,40歳+41歳+42歳+43歳+44歳+45歳+46歳+47歳+48歳+49歳,千人,確定値・各歳,40-49歳,19.45,2026-09-07T17:11:17+00:00
npa_suicide_by_age_rate,2020,50-59歳,3425,50～59歳,16677000,50歳+51歳+52歳+53歳+54歳+55歳+56歳+57歳+58歳+59歳,千人,確定値・各歳,50-59歳,20.54,2026-09-07T17:11:17+00:00
npa_suicide_by_age_rate,2020,60歳以上,8126,60～69歳+70～79歳+80歳～,43469000,60歳+61歳+62歳+63歳+64歳+65歳+66歳+67歳+68歳+69歳+70歳+71歳+72歳+73歳+74歳+75歳+76歳+77歳+78歳+79歳+80歳+81歳+82歳+83歳+84歳+85歳+86歳+87歳+88歳+89歳+90歳+91歳+92歳+93歳+94歳+95歳+96歳+97歳+98歳+99歳+100歳以上,千人,確定値・各歳,60歳以上,18.69,2026-09-07T17:11:17+00:00
npa_suicide_by_age_rate,2020,不詳,54,不詳,126146000,総数,千人,確定値・各歳,総人口（年齢不詳のため）,0.04,2026-09-07T17:11:17+00:00
npa_suicide_by_age_rate,2021,合計,21007,合計,125502000,総数,千人,確定値・各歳,合計,16.74,2026-09-07T17:11:17+00:00
npa_suicide_by_age_rate,2021,0-19歳,750,～９歳+10～19歳,20364000,0歳+1歳+2歳+3歳+4歳+5歳+6歳+7歳+8歳+9歳+10歳+11歳+12歳+13歳+14歳+15歳+16歳+17歳+18歳+19歳,千人,確定値・各歳,0-19歳,3.68,2026-09-07T17:11:17+00:00
npa_suicide_by_age_rate,2021,20-29歳,2611,20～29歳,12643000,20歳+21歳+22歳+23歳+24歳+25歳+26歳+27歳+28歳+29歳,千人,確定値・各歳,20-29歳,20.65,2026-09-07T17:11:17+00:00
npa_suicide_by_age_rate,2021,30-39歳,2554,30～39歳,13909000,30歳+31歳+32歳+33歳+34歳+35歳+36歳+37歳+38歳+39歳,千人,確定値・各歳,30-39歳,18.36,2026-09-07T17:11:17+00:00
npa_suicide_by_age_rate,2021,40-49歳,3575,40～49歳,17903000,40歳+41歳+42歳+43歳+44歳+45歳+46歳+47歳+48歳+49歳,千人,確定値・各歳,40-49歳,19.97,2026-09-07T17:11:17+00:00
npa_suicide_by_age_rate,2021,50-59歳,3618,50～59歳,17077000,50歳+51歳+52歳+53歳+54歳+55歳+56歳+57歳+58歳+59歳,千人,確定値・各歳,50-59歳,21.19,2026-09-07T17:11:17+00:00
npa_suicide_by_age_rate,2021,60歳以上,7860,60～69歳+70～79歳+80歳～,43604000,60歳+61歳+62歳+63歳+64歳+65歳+66歳+67歳+68歳+69歳+70歳+71歳+72歳+73歳+74歳+75歳+76歳+77歳+78歳+79歳+80歳+81歳+82歳+83歳+84歳+85歳+86歳+87歳+88歳+89歳+90歳+91歳+92歳+93歳+94歳+95歳+96歳+97歳+98歳+99歳+100歳以上,千人,確定値・各歳,60歳以上,18.03,2026-09-07T17:11:17+00:00
npa_suicide_by_age_rate,2021,不詳,39,不詳,125502000,総数,千人,確定値・各歳,総人口（年齢不詳のため）,0.03,2026-09-07T17:11:17+00:00
npa_suicide_by_age_rate,2022,合計,21881,合計,124947000,総数,千人,確定値・各歳,合計,17.51,2026-09-07T17:11:17+00:00
npa_suicide_by_age_rate,2022,0-19歳,798,～９歳+10～19歳,20014000,0歳+1歳+2歳+3歳+4歳+5歳+6歳+7歳+8歳+9歳+10歳+11歳+12歳+13歳+14歳+15歳+16歳+17歳+18歳+19歳,千人,確定値・各歳,0-19歳,3.99,2026-09-07T17:11:17+00:00
npa_suicide_by_age_rate,2022,20-29歳,2483,20～29歳,12677000,20歳+21歳+22歳+23歳+24歳+25歳+26歳+27歳+28歳+29歳,千人,確定値・各歳,20-29歳,19.59,2026-09-07T17:11:17+00:00
npa_suicide_by_age_rate,2022,30-39歳,2545,30～39歳,13656000,30歳+31歳+32歳+33歳+34歳+35歳+36歳+37歳+38歳+39歳,千人,確定値・各歳,30-39歳,18.64,2026-09-07T17:11:17+00:00
npa_suicide_by_age_rate,2022,40-49歳,3665,40～49歳,17409000,40歳+41歳+42歳+43歳+44歳+45歳+46歳+47歳+48歳+49歳,千人,確定値・各歳,40-49歳,21.05,2026-09-07T17:11:17+00:00
npa_suicide_by_age_rate,2022,50-59歳,4093,50～59歳,17510000,50歳+51歳+52歳+53歳+54歳+55歳+56歳+57歳+58歳+59歳,千人,確定値・各歳,50-59歳,23.38,2026-09-07T17:11:17+00:00
npa_suicide_by_age_rate,2022,60歳以上,8249,60～69歳+70～79歳+80歳～,43681000,60歳+61歳+62歳+63歳+64歳+65歳+66歳+67歳+68歳+69歳+70歳+71歳+72歳+73歳+74歳+75歳+76歳+77歳+78歳+79歳+80歳+81歳+82歳+83歳+84歳+85歳+86歳+87歳+88歳+89歳+90歳+91歳+92歳+93歳+94歳+95歳+96歳+97歳+98歳+99歳+100歳以上,千人,確定値・各歳,60歳以上,18.88,2026-09-07T17:11:17+00:00
npa_suicide_by_age_rate,2022,不詳,48,不詳,124947000,総数,千人,確定値・各歳,総人口（年齢不詳のため）,0.04,2026-09-07T17:11:17+00:00
npa_suicide_by_age_rate,2023,合計,21837,合計,124352000,総数,千人,確定値・各歳,合計,17.56,2026-09-07T17:11:17+00:00
npa_suicide_by_age_rate,2023,0-19歳,810,～９歳+10～19歳,19669000,0歳+1歳+2歳+3歳+4歳+5歳+6歳+7歳+8歳+9歳+10歳+11歳+12歳+13歳+14歳+15歳+16歳+17歳+18歳+19歳,千人,確定値・各歳,0-19歳,4.12,2026-09-07T17:11:17+00:00
npa_suicide_by_age_rate,2023,20-29歳,2521,20～29歳,12717000,20歳+21歳+22歳+23歳+24歳+25歳+26歳+27歳+28歳+29歳,千人,確定値・各歳,20-29歳,19.82,2026-09-07T17:11:17+00:00
npa_suicide_by_age_rate,2023,30-39歳,2587,30～39歳,13427000,30歳+31歳+32歳+33歳+34歳+35歳+36歳+37歳+38歳+39歳,千人,確定値・各歳,30-39歳,19.27,2026-09-07T17:11:17+00:00
npa_suicide_by_age_rate,2023,40-49歳,3625,40～49歳,16881000,40歳+41歳+42歳+43歳+44歳+45歳+46歳+47歳+48歳+49歳,千人,確定値・各歳,40-49歳,21.47,2026-09-07T17:11:17+00:00
npa_suicide_by_age_rate,2023,50-59歳,4194,50～59歳,17928000,50歳+51歳+52歳+53歳+54歳+55歳+56歳+57歳+58歳+59歳,千人,確定値・各歳,50-59歳,23.39,2026-09-07T17:11:17+00:00
npa_suicide_by_age_rate,2023,60歳以上,8069,60～69歳+70～79歳+80歳～,43732000,60歳+61歳+62歳+63歳+64歳+65歳+66歳+67歳+68歳+69歳+70歳+71歳+72歳+73歳+74歳+75歳+76歳+77歳+78歳+79歳+80歳+81歳+82歳+83歳+84歳+85歳+86歳+87歳+88歳+89歳+90歳+91歳+92歳+93歳+94歳+95歳+96歳+97歳+98歳+99歳+100歳以上,千人,確定値・各歳,60歳以上,18.45,2026-09-07T17:11:17+00:00
npa_suicide_by_age_rate,2023,不詳,31,不詳,124352000,総数,千人,確定値・各歳,総人口（年齢不詳のため）,0.02,2026-09-07T17:11:17+00:00
npa_suicide_by_age_rate,2024,合計,20320,合計,123802000,総数,千人,確定値・各歳,合計,16.41,2026-09-07T17:11:17+00:00
npa_suicide_by_age_rate,2024,0-19歳,800,～９歳+10～19歳,19288000,0歳+1歳+2歳+3歳+4歳+5歳+6歳+7歳+8歳+9歳+10歳+11歳+12歳+13歳+14歳+15歳+16歳+17歳+18歳+19歳,千人,確定値・各歳,0-19歳,4.15,2026-09-07T17:11:17+00:00
npa_suicide_by_age_rate,2024,20-29歳,2465,20～29歳,12779000,20歳+21歳+22歳+23歳+24歳+25歳+26歳+27歳+28歳+29歳,千人,確定値・各歳,20-29歳,19.29,2026-09-07T17:11:17+00:00
npa_suicide_by_age_rate,2024,30-39歳,2399,30～39歳,13268000,30歳+31歳+32歳+33歳+34歳+35歳+36歳+37歳+38歳+39歳,千人,確定値・各歳,30-39歳,18.08,2026-09-07T17:11:17+00:00
npa_suicide_by_age_rate,2024,40-49歳,3214,40～49歳,16378000,40歳+41歳+42歳+43歳+44歳+45歳+46歳+47歳+48歳+49歳,千人,確定値・各歳,40-49歳,19.62,2026-09-07T17:11:17+00:00
npa_suicide_by_age_rate,2024,50-59歳,3799,50～59歳,18278000,50歳+51歳+52歳+53歳+54歳+55歳+56歳+57歳+58歳+59歳,千人,確定値・各歳,50-59歳,20.78,2026-09-07T17:11:17+00:00
npa_suicide_by_age_rate,2024,60歳以上,7615,60～69歳+70～79歳+80歳～,43816000,60歳+61歳+62歳+63歳+64歳+65歳+66歳+67歳+68歳+69歳+70歳+71歳+72歳+73歳+74歳+75歳+76歳+77歳+78歳+79歳+80歳+81歳+82歳+83歳+84歳+85歳+86歳+87歳+88歳+89歳+90歳+91歳+92歳+93歳+94歳+95歳+96歳+97歳+98歳+99歳+100歳以上,千人,確定値・各歳,60歳以上,17.38,2026-09-07T17:11:17+00:00
npa_suicide_by_age_rate,2024,不詳,28,不詳,123802000,総数,千人,確定値・各歳,総人口（年齢不詳のため）,0.02,2026-09-07T17:11:17+00:00
npa_suicide_by_age_rate,2025,合計,19188,合計,123210000,総数,万人,概算値・5歳階級,合計,15.57,2026-09-07T17:11:17+00:00
npa_suicide_by_age_rate,2025,0-19歳,830,～９歳+10～19歳,18950000,0～4歳+5～9歳+10～14歳+15～19歳,万人,概算値・5歳階級,0-19歳,4.38,2026-09-07T17:11:17+00:00
npa_suicide_by_age_rate,2025,20-29歳,2412,20～29歳,12780000,20～24歳+25～29歳,万人,概算値・5歳階級,20-29歳,18.87,2026-09-07T17:11:17+00:00
npa_suicide_by_age_rate,2025,30-39歳,2293,30～39歳,13160000,30～34歳+35～39歳,万人,概算値・5歳階級,30-39歳,17.42,2026-09-07T17:11:17+00:00
npa_suicide_by_age_rate,2025,40-49歳,2968,40～49歳,15940000,40～44歳+45～49歳,万人,概算値・5歳階級,40-49歳,18.62,2026-09-07T17:11:17+00:00
npa_suicide_by_age_rate,2025,50-59歳,3743,50～59歳,18410000,50～54歳+55～59歳,万人,概算値・5歳階級,50-59歳,20.33,2026-09-07T17:11:17+00:00
npa_suicide_by_age_rate,2025,60歳以上,6903,60～69歳+70～79歳+80歳～,43970000,60～64歳+65～69歳+70～74歳+75～79歳+80～84歳+85～89歳+90～94歳+95～99歳+100歳以上,万人,概算値・5歳階級,60歳以上,15.70,2026-09-07T17:11:17+00:00
npa_suicide_by_age_rate,2025,不詳,39,不詳,123210000,総数,万人,概算値・5歳階級,総人口（年齢不詳のため）,0.03,2026-09-07T17:11:17+00:00
