series_id,source_pdf,source_page,source_figure,year,region,sex,age_class,age_class_source,value,flag,retrieved_at
npa_suicide_age_annual,R7jisatsunojoukyou.pdf,32,図表４－12,1978,全国,総数,～19歳,～９歳|10～19歳,866,,2026-09-07T08:43:26+00:00
npa_suicide_age_annual,R7jisatsunojoukyou.pdf,32,図表４－12,1978,全国,総数,20～29歳,20～29歳,3741,,2026-09-07T08:43:26+00:00
npa_suicide_age_annual,R7jisatsunojoukyou.pdf,32,図表４－12,1978,全国,総数,30～39歳,30～39歳,3597,,2026-09-07T08:43:26+00:00
npa_suicide_age_annual,R7jisatsunojoukyou.pdf,32,図表４－12,1978,全国,総数,40～49歳,40～49歳,3641,,2026-09-07T08:43:26+00:00
npa_suicide_age_annual,R7jisatsunojoukyou.pdf,32,図表４－12,1978,全国,総数,50～59歳,50～59歳,2753,,2026-09-07T08:43:26+00:00
npa_suicide_age_annual,R7jisatsunojoukyou.pdf,32,図表４－12,1978,全国,総数,60歳～,60～69歳|70～79歳|80歳～,6024,,2026-09-07T08:43:26+00:00
npa_suicide_age_annual,R7jisatsunojoukyou.pdf,32,図表４－12,1978,全国,総数,不詳,不詳,166,,2026-09-07T08:43:26+00:00
npa_suicide_age_annual,R7jisatsunojoukyou.pdf,32,図表４－12,1978,全国,総数,合計,合計,20788,,2026-09-07T08:43:26+00:00
npa_suicide_age_annual,R7jisatsunojoukyou.pdf,32,図表４－12,1979,全国,総数,～19歳,～９歳|10～19歳,919,,2026-09-07T08:43:26+00:00
npa_suicide_age_annual,R7jisatsunojoukyou.pdf,32,図表４－12,1979,全国,総数,20～29歳,20～29歳,3654,,2026-09-07T08:43:26+00:00
npa_suicide_age_annual,R7jisatsunojoukyou.pdf,32,図表４－12,1979,全国,総数,30～39歳,30～39歳,3808,,2026-09-07T08:43:26+00:00
npa_suicide_age_annual,R7jisatsunojoukyou.pdf,32,図表４－12,1979,全国,総数,40～49歳,40～49歳,3796,,2026-09-07T08:43:26+00:00
npa_suicide_age_annual,R7jisatsunojoukyou.pdf,32,図表４－12,1979,全国,総数,50～59歳,50～59歳,2977,,2026-09-07T08:43:26+00:00
npa_suicide_age_annual,R7jisatsunojoukyou.pdf,32,図表４－12,1979,全国,総数,60歳～,60～69歳|70～79歳|80歳～,6163,,2026-09-07T08:43:26+00:00
npa_suicide_age_annual,R7jisatsunojoukyou.pdf,32,図表４－12,1979,全国,総数,不詳,不詳,186,,2026-09-07T08:43:26+00:00
npa_suicide_age_annual,R7jisatsunojoukyou.pdf,32,図表４－12,1979,全国,総数,合計,合計,21503,,2026-09-07T08:43:26+00:00
npa_suicide_age_annual,R7jisatsunojoukyou.pdf,32,図表４－12,1980,全国,総数,～19歳,～９歳|10～19歳,678,,2026-09-07T08:43:26+00:00
npa_suicide_age_annual,R7jisatsunojoukyou.pdf,32,図表４－12,1980,全国,総数,20～29歳,20～29歳,3261,,2026-09-07T08:43:26+00:00
npa_suicide_age_annual,R7jisatsunojoukyou.pdf,32,図表４－12,1980,全国,総数,30～39歳,30～39歳,3791,,2026-09-07T08:43:26+00:00
npa_suicide_age_annual,R7jisatsunojoukyou.pdf,32,図表４－12,1980,全国,総数,40～49歳,40～49歳,3911,,2026-09-07T08:43:26+00:00
npa_suicide_age_annual,R7jisatsunojoukyou.pdf,32,図表４－12,1980,全国,総数,50～59歳,50～59歳,3138,,2026-09-07T08:43:26+00:00
npa_suicide_age_annual,R7jisatsunojoukyou.pdf,32,図表４－12,1980,全国,総数,60歳～,60～69歳|70～79歳|80歳～,6166,,2026-09-07T08:43:26+00:00
npa_suicide_age_annual,R7jisatsunojoukyou.pdf,32,図表４－12,1980,全国,総数,不詳,不詳,103,,2026-09-07T08:43:26+00:00
npa_suicide_age_annual,R7jisatsunojoukyou.pdf,32,図表４－12,1980,全国,総数,合計,合計,21048,,2026-09-07T08:43:26+00:00
npa_suicide_age_annual,R7jisatsunojoukyou.pdf,32,図表４－12,1981,全国,総数,～19歳,～９歳|10～19歳,620,,2026-09-07T08:43:26+00:00
npa_suicide_age_annual,R7jisatsunojoukyou.pdf,32,図表４－12,1981,全国,総数,20～29歳,20～29歳,2777,,2026-09-07T08:43:26+00:00
npa_suicide_age_annual,R7jisatsunojoukyou.pdf,32,図表４－12,1981,全国,総数,30～39歳,30～39歳,3653,,2026-09-07T08:43:26+00:00
npa_suicide_age_annual,R7jisatsunojoukyou.pdf,32,図表４－12,1981,全国,総数,40～49歳,40～49歳,3996,,2026-09-07T08:43:26+00:00
npa_suicide_age_annual,R7jisatsunojoukyou.pdf,32,図表４－12,1981,全国,総数,50～59歳,50～59歳,3304,,2026-09-07T08:43:26+00:00
npa_suicide_age_annual,R7jisatsunojoukyou.pdf,32,図表４－12,1981,全国,総数,60歳～,60～69歳|70～79歳|80歳～,5985,,2026-09-07T08:43:26+00:00
npa_suicide_age_annual,R7jisatsunojoukyou.pdf,32,図表４－12,1981,全国,総数,不詳,不詳,99,,2026-09-07T08:43:26+00:00
npa_suicide_age_annual,R7jisatsunojoukyou.pdf,32,図表４－12,1981,全国,総数,合計,合計,20434,,2026-09-07T08:43:26+00:00
npa_suicide_age_annual,R7jisatsunojoukyou.pdf,32,図表４－12,1982,全国,総数,～19歳,～９歳|10～19歳,599,,2026-09-07T08:43:26+00:00
npa_suicide_age_annual,R7jisatsunojoukyou.pdf,32,図表４－12,1982,全国,総数,20～29歳,20～29歳,2832,,2026-09-07T08:43:26+00:00
npa_suicide_age_annual,R7jisatsunojoukyou.pdf,32,図表４－12,1982,全国,総数,30～39歳,30～39歳,3787,,2026-09-07T08:43:26+00:00
npa_suicide_age_annual,R7jisatsunojoukyou.pdf,32,図表４－12,1982,全国,総数,40～49歳,40～49歳,4284,,2026-09-07T08:43:26+00:00
npa_suicide_age_annual,R7jisatsunojoukyou.pdf,32,図表４－12,1982,全国,総数,50～59歳,50～59歳,3616,,2026-09-07T08:43:26+00:00
npa_suicide_age_annual,R7jisatsunojoukyou.pdf,32,図表４－12,1982,全国,総数,60歳～,60～69歳|70～79歳|80歳～,6025,,2026-09-07T08:43:26+00:00
npa_suicide_age_annual,R7jisatsunojoukyou.pdf,32,図表４－12,1982,全国,総数,不詳,不詳,85,,2026-09-07T08:43:26+00:00
npa_suicide_age_annual,R7jisatsunojoukyou.pdf,32,図表４－12,1982,全国,総数,合計,合計,21228,,2026-09-07T08:43:26+00:00
npa_suicide_age_annual,R7jisatsunojoukyou.pdf,32,図表４－12,1983,全国,総数,～19歳,～９歳|10～19歳,657,,2026-09-07T08:43:26+00:00
npa_suicide_age_annual,R7jisatsunojoukyou.pdf,32,図表４－12,1983,全国,総数,20～29歳,20～29歳,3050,,2026-09-07T08:43:26+00:00
npa_suicide_age_annual,R7jisatsunojoukyou.pdf,32,図表４－12,1983,全国,総数,30～39歳,30～39歳,4099,,2026-09-07T08:43:26+00:00
npa_suicide_age_annual,R7jisatsunojoukyou.pdf,32,図表４－12,1983,全国,総数,40～49歳,40～49歳,5460,,2026-09-07T08:43:26+00:00
npa_suicide_age_annual,R7jisatsunojoukyou.pdf,32,図表４－12,1983,全国,総数,50～59歳,50～59歳,4846,,2026-09-07T08:43:26+00:00
npa_suicide_age_annual,R7jisatsunojoukyou.pdf,32,図表４－12,1983,全国,総数,60歳～,60～69歳|70～79歳|80歳～,7004,,2026-09-07T08:43:26+00:00
npa_suicide_age_annual,R7jisatsunojoukyou.pdf,32,図表４－12,1983,全国,総数,不詳,不詳,86,,2026-09-07T08:43:26+00:00
npa_suicide_age_annual,R7jisatsunojoukyou.pdf,32,図表４－12,1983,全国,総数,合計,合計,25202,,2026-09-07T08:43:26+00:00
npa_suicide_age_annual,R7jisatsunojoukyou.pdf,32,図表４－12,1984,全国,総数,～19歳,～９歳|10～19歳,572,,2026-09-07T08:43:26+00:00
npa_suicide_age_annual,R7jisatsunojoukyou.pdf,32,図表４－12,1984,全国,総数,20～29歳,20～29歳,2737,,2026-09-07T08:43:26+00:00
npa_suicide_age_annual,R7jisatsunojoukyou.pdf,32,図表４－12,1984,全国,総数,30～39歳,30～39歳,3855,,2026-09-07T08:43:26+00:00
npa_suicide_age_annual,R7jisatsunojoukyou.pdf,32,図表４－12,1984,全国,総数,40～49歳,40～49歳,5290,,2026-09-07T08:43:26+00:00
npa_suicide_age_annual,R7jisatsunojoukyou.pdf,32,図表４－12,1984,全国,総数,50～59歳,50～59歳,4912,,2026-09-07T08:43:26+00:00
npa_suicide_age_annual,R7jisatsunojoukyou.pdf,32,図表４－12,1984,全国,総数,60歳～,60～69歳|70～79歳|80歳～,7147,,2026-09-07T08:43:26+00:00
npa_suicide_age_annual,R7jisatsunojoukyou.pdf,32,図表４－12,1984,全国,総数,不詳,不詳,83,,2026-09-07T08:43:26+00:00
npa_suicide_age_annual,R7jisatsunojoukyou.pdf,32,図表４－12,1984,全国,総数,合計,合計,24596,,2026-09-07T08:43:26+00:00
npa_suicide_age_annual,R7jisatsunojoukyou.pdf,32,図表４－12,1985,全国,総数,～19歳,～９歳|10～19歳,557,,2026-09-07T08:43:26+00:00
npa_suicide_age_annual,R7jisatsunojoukyou.pdf,32,図表４－12,1985,全国,総数,20～29歳,20～29歳,2548,,2026-09-07T08:43:26+00:00
npa_suicide_age_annual,R7jisatsunojoukyou.pdf,32,図表４－12,1985,全国,総数,30～39歳,30～39歳,3519,,2026-09-07T08:43:26+00:00
npa_suicide_age_annual,R7jisatsunojoukyou.pdf,32,図表４－12,1985,全国,総数,40～49歳,40～49歳,4936,,2026-09-07T08:43:26+00:00
npa_suicide_age_annual,R7jisatsunojoukyou.pdf,32,図表４－12,1985,全国,総数,50～59歳,50～59歳,4815,,2026-09-07T08:43:26+00:00
npa_suicide_age_annual,R7jisatsunojoukyou.pdf,32,図表４－12,1985,全国,総数,60歳～,60～69歳|70～79歳|80歳～,7143,,2026-09-07T08:43:26+00:00
npa_suicide_age_annual,R7jisatsunojoukyou.pdf,32,図表４－12,1985,全国,総数,不詳,不詳,81,,2026-09-07T08:43:26+00:00
npa_suicide_age_annual,R7jisatsunojoukyou.pdf,32,図表４－12,1985,全国,総数,合計,合計,23599,,2026-09-07T08:43:26+00:00
npa_suicide_age_annual,R7jisatsunojoukyou.pdf,32,図表４－12,1986,全国,総数,～19歳,～９歳|10～19歳,802,,2026-09-07T08:43:26+00:00
npa_suicide_age_annual,R7jisatsunojoukyou.pdf,32,図表４－12,1986,全国,総数,20～29歳,20～29歳,2824,,2026-09-07T08:43:26+00:00
npa_suicide_age_annual,R7jisatsunojoukyou.pdf,32,図表４－12,1986,全国,総数,30～39歳,30～39歳,3687,,2026-09-07T08:43:26+00:00
npa_suicide_age_annual,R7jisatsunojoukyou.pdf,32,図表４－12,1986,全国,総数,40～49歳,40～49歳,4948,,2026-09-07T08:43:26+00:00
npa_suicide_age_annual,R7jisatsunojoukyou.pdf,32,図表４－12,1986,全国,総数,50～59歳,50～59歳,5385,,2026-09-07T08:43:26+00:00
npa_suicide_age_annual,R7jisatsunojoukyou.pdf,32,図表４－12,1986,全国,総数,60歳～,60～69歳|70～79歳|80歳～,7794,,2026-09-07T08:43:26+00:00
npa_suicide_age_annual,R7jisatsunojoukyou.pdf,32,図表４－12,1986,全国,総数,不詳,不詳,84,,2026-09-07T08:43:26+00:00
npa_suicide_age_annual,R7jisatsunojoukyou.pdf,32,図表４－12,1986,全国,総数,合計,合計,25524,,2026-09-07T08:43:26+00:00
npa_suicide_age_annual,R7jisatsunojoukyou.pdf,32,図表４－12,1987,全国,総数,～19歳,～９歳|10～19歳,577,,2026-09-07T08:43:26+00:00
npa_suicide_age_annual,R7jisatsunojoukyou.pdf,32,図表４－12,1987,全国,総数,20～29歳,20～29歳,2588,,2026-09-07T08:43:26+00:00
npa_suicide_age_annual,R7jisatsunojoukyou.pdf,32,図表４－12,1987,全国,総数,30～39歳,30～39歳,3447,,2026-09-07T08:43:26+00:00
npa_suicide_age_annual,R7jisatsunojoukyou.pdf,32,図表４－12,1987,全国,総数,40～49歳,40～49歳,4696,,2026-09-07T08:43:26+00:00
npa_suicide_age_annual,R7jisatsunojoukyou.pdf,32,図表４－12,1987,全国,総数,50～59歳,50～59歳,5129,,2026-09-07T08:43:26+00:00
npa_suicide_age_annual,R7jisatsunojoukyou.pdf,32,図表４－12,1987,全国,総数,60歳～,60～69歳|70～79歳|80歳～,7943,,2026-09-07T08:43:26+00:00
npa_suicide_age_annual,R7jisatsunojoukyou.pdf,32,図表４－12,1987,全国,総数,不詳,不詳,80,,2026-09-07T08:43:26+00:00
npa_suicide_age_annual,R7jisatsunojoukyou.pdf,32,図表４－12,1987,全国,総数,合計,合計,24460,,2026-09-07T08:43:26+00:00
npa_suicide_age_annual,R7jisatsunojoukyou.pdf,32,図表４－12,1988,全国,総数,～19歳,～９歳|10～19歳,603,,2026-09-07T08:43:26+00:00
npa_suicide_age_annual,R7jisatsunojoukyou.pdf,32,図表４－12,1988,全国,総数,20～29歳,20～29歳,2479,,2026-09-07T08:43:26+00:00
npa_suicide_age_annual,R7jisatsunojoukyou.pdf,32,図表４－12,1988,全国,総数,30～39歳,30～39歳,3180,,2026-09-07T08:43:26+00:00
npa_suicide_age_annual,R7jisatsunojoukyou.pdf,32,図表４－12,1988,全国,総数,40～49歳,40～49歳,4459,,2026-09-07T08:43:26+00:00
npa_suicide_age_annual,R7jisatsunojoukyou.pdf,32,図表４－12,1988,全国,総数,50～59歳,50～59歳,4886,,2026-09-07T08:43:26+00:00
npa_suicide_age_annual,R7jisatsunojoukyou.pdf,32,図表４－12,1988,全国,総数,60歳～,60～69歳|70～79歳|80歳～,8044,,2026-09-07T08:43:26+00:00
npa_suicide_age_annual,R7jisatsunojoukyou.pdf,32,図表４－12,1988,全国,総数,不詳,不詳,91,,2026-09-07T08:43:26+00:00
npa_suicide_age_annual,R7jisatsunojoukyou.pdf,32,図表４－12,1988,全国,総数,合計,合計,23742,,2026-09-07T08:43:26+00:00
npa_suicide_age_annual,R7jisatsunojoukyou.pdf,32,図表４－12,1989,全国,総数,～19歳,～９歳|10～19歳,534,,2026-09-07T08:43:26+00:00
npa_suicide_age_annual,R7jisatsunojoukyou.pdf,32,図表４－12,1989,全国,総数,20～29歳,20～29歳,2357,,2026-09-07T08:43:26+00:00
npa_suicide_age_annual,R7jisatsunojoukyou.pdf,32,図表４－12,1989,全国,総数,30～39歳,30～39歳,2865,,2026-09-07T08:43:26+00:00
npa_suicide_age_annual,R7jisatsunojoukyou.pdf,32,図表４－12,1989,全国,総数,40～49歳,40～49歳,4202,,2026-09-07T08:43:26+00:00
npa_suicide_age_annual,R7jisatsunojoukyou.pdf,32,図表４－12,1989,全国,総数,50～59歳,50～59歳,4296,,2026-09-07T08:43:26+00:00
npa_suicide_age_annual,R7jisatsunojoukyou.pdf,32,図表４－12,1989,全国,総数,60歳～,60～69歳|70～79歳|80歳～,8075,,2026-09-07T08:43:26+00:00
npa_suicide_age_annual,R7jisatsunojoukyou.pdf,32,図表４－12,1989,全国,総数,不詳,不詳,107,,2026-09-07T08:43:26+00:00
npa_suicide_age_annual,R7jisatsunojoukyou.pdf,32,図表４－12,1989,全国,総数,合計,合計,22436,,2026-09-07T08:43:26+00:00
npa_suicide_age_annual,R7jisatsunojoukyou.pdf,32,図表４－12,1990,全国,総数,～19歳,～９歳|10～19歳,467,,2026-09-07T08:43:26+00:00
npa_suicide_age_annual,R7jisatsunojoukyou.pdf,32,図表４－12,1990,全国,総数,20～29歳,20～29歳,2226,,2026-09-07T08:43:26+00:00
npa_suicide_age_annual,R7jisatsunojoukyou.pdf,32,図表４－12,1990,全国,総数,30～39歳,30～39歳,2543,,2026-09-07T08:43:26+00:00
npa_suicide_age_annual,R7jisatsunojoukyou.pdf,32,図表４－12,1990,全国,総数,40～49歳,40～49歳,3982,,2026-09-07T08:43:26+00:00
npa_suicide_age_annual,R7jisatsunojoukyou.pdf,32,図表４－12,1990,全国,総数,50～59歳,50～59歳,4176,,2026-09-07T08:43:26+00:00
npa_suicide_age_annual,R7jisatsunojoukyou.pdf,32,図表４－12,1990,全国,総数,60歳～,60～69歳|70～79歳|80歳～,7853,,2026-09-07T08:43:26+00:00
npa_suicide_age_annual,R7jisatsunojoukyou.pdf,32,図表４－12,1990,全国,総数,不詳,不詳,99,,2026-09-07T08:43:26+00:00
npa_suicide_age_annual,R7jisatsunojoukyou.pdf,32,図表４－12,1990,全国,総数,合計,合計,21346,,2026-09-07T08:43:26+00:00
npa_suicide_age_annual,R7jisatsunojoukyou.pdf,32,図表４－12,1991,全国,総数,～19歳,～９歳|10～19歳,454,,2026-09-07T08:43:26+00:00
npa_suicide_age_annual,R7jisatsunojoukyou.pdf,32,図表４－12,1991,全国,総数,20～29歳,20～29歳,2215,,2026-09-07T08:43:26+00:00
npa_suicide_age_annual,R7jisatsunojoukyou.pdf,32,図表４－12,1991,全国,総数,30～39歳,30～39歳,2391,,2026-09-07T08:43:26+00:00
npa_suicide_age_annual,R7jisatsunojoukyou.pdf,32,図表４－12,1991,全国,総数,40～49歳,40～49歳,3953,,2026-09-07T08:43:26+00:00
npa_suicide_age_annual,R7jisatsunojoukyou.pdf,32,図表４－12,1991,全国,総数,50～59歳,50～59歳,4423,,2026-09-07T08:43:26+00:00
npa_suicide_age_annual,R7jisatsunojoukyou.pdf,32,図表４－12,1991,全国,総数,60歳～,60～69歳|70～79歳|80歳～,7576,,2026-09-07T08:43:26+00:00
npa_suicide_age_annual,R7jisatsunojoukyou.pdf,32,図表４－12,1991,全国,総数,不詳,不詳,72,,2026-09-07T08:43:26+00:00
npa_suicide_age_annual,R7jisatsunojoukyou.pdf,32,図表４－12,1991,全国,総数,合計,合計,21084,,2026-09-07T08:43:26+00:00
npa_suicide_age_annual,R7jisatsunojoukyou.pdf,32,図表４－12,1992,全国,総数,～19歳,～９歳|10～19歳,524,,2026-09-07T08:43:26+00:00
npa_suicide_age_annual,R7jisatsunojoukyou.pdf,32,図表４－12,1992,全国,総数,20～29歳,20～29歳,2313,,2026-09-07T08:43:26+00:00
npa_suicide_age_annual,R7jisatsunojoukyou.pdf,32,図表４－12,1992,全国,総数,30～39歳,30～39歳,2391,,2026-09-07T08:43:26+00:00
npa_suicide_age_annual,R7jisatsunojoukyou.pdf,32,図表４－12,1992,全国,総数,40～49歳,40～49歳,4186,,2026-09-07T08:43:26+00:00
npa_suicide_age_annual,R7jisatsunojoukyou.pdf,32,図表４－12,1992,全国,総数,50～59歳,50～59歳,4708,,2026-09-07T08:43:26+00:00
npa_suicide_age_annual,R7jisatsunojoukyou.pdf,32,図表４－12,1992,全国,総数,60歳～,60～69歳|70～79歳|80歳～,7912,,2026-09-07T08:43:26+00:00
npa_suicide_age_annual,R7jisatsunojoukyou.pdf,32,図表４－12,1992,全国,総数,不詳,不詳,70,,2026-09-07T08:43:26+00:00
npa_suicide_age_annual,R7jisatsunojoukyou.pdf,32,図表４－12,1992,全国,総数,合計,合計,22104,,2026-09-07T08:43:26+00:00
npa_suicide_age_annual,R7jisatsunojoukyou.pdf,32,図表４－12,1993,全国,総数,～19歳,～９歳|10～19歳,446,,2026-09-07T08:43:26+00:00
npa_suicide_age_annual,R7jisatsunojoukyou.pdf,32,図表４－12,1993,全国,総数,20～29歳,20～29歳,2251,,2026-09-07T08:43:26+00:00
npa_suicide_age_annual,R7jisatsunojoukyou.pdf,32,図表４－12,1993,全国,総数,30～39歳,30～39歳,2473,,2026-09-07T08:43:26+00:00
npa_suicide_age_annual,R7jisatsunojoukyou.pdf,32,図表４－12,1993,全国,総数,40～49歳,40～49歳,4146,,2026-09-07T08:43:26+00:00
npa_suicide_age_annual,R7jisatsunojoukyou.pdf,32,図表４－12,1993,全国,総数,50～59歳,50～59歳,4846,,2026-09-07T08:43:26+00:00
npa_suicide_age_annual,R7jisatsunojoukyou.pdf,32,図表４－12,1993,全国,総数,60歳～,60～69歳|70～79歳|80歳～,7525,,2026-09-07T08:43:26+00:00
npa_suicide_age_annual,R7jisatsunojoukyou.pdf,32,図表４－12,1993,全国,総数,不詳,不詳,164,,2026-09-07T08:43:26+00:00
npa_suicide_age_annual,R7jisatsunojoukyou.pdf,32,図表４－12,1993,全国,総数,合計,合計,21851,,2026-09-07T08:43:26+00:00
npa_suicide_age_annual,R7jisatsunojoukyou.pdf,32,図表４－12,1994,全国,総数,～19歳,～９歳|10～19歳,580,,2026-09-07T08:43:26+00:00
npa_suicide_age_annual,R7jisatsunojoukyou.pdf,32,図表４－12,1994,全国,総数,20～29歳,20～29歳,2494,,2026-09-07T08:43:26+00:00
npa_suicide_age_annual,R7jisatsunojoukyou.pdf,32,図表４－12,1994,全国,総数,30～39歳,30～39歳,2410,,2026-09-07T08:43:26+00:00
npa_suicide_age_annual,R7jisatsunojoukyou.pdf,32,図表４－12,1994,全国,総数,40～49歳,40～49歳,3806,,2026-09-07T08:43:26+00:00
npa_suicide_age_annual,R7jisatsunojoukyou.pdf,32,図表４－12,1994,全国,総数,50～59歳,50～59歳,4732,,2026-09-07T08:43:26+00:00
npa_suicide_age_annual,R7jisatsunojoukyou.pdf,32,図表４－12,1994,全国,総数,60歳～,60～69歳|70～79歳|80歳～,7438,,2026-09-07T08:43:26+00:00
npa_suicide_age_annual,R7jisatsunojoukyou.pdf,32,図表４－12,1994,全国,総数,不詳,不詳,219,,2026-09-07T08:43:26+00:00
npa_suicide_age_annual,R7jisatsunojoukyou.pdf,32,図表４－12,1994,全国,総数,合計,合計,21679,,2026-09-07T08:43:26+00:00
npa_suicide_age_annual,R7jisatsunojoukyou.pdf,32,図表４－12,1995,全国,総数,～19歳,～９歳|10～19歳,515,,2026-09-07T08:43:26+00:00
npa_suicide_age_annual,R7jisatsunojoukyou.pdf,32,図表４－12,1995,全国,総数,20～29歳,20～29歳,2509,,2026-09-07T08:43:26+00:00
npa_suicide_age_annual,R7jisatsunojoukyou.pdf,32,図表４－12,1995,全国,総数,30～39歳,30～39歳,2467,,2026-09-07T08:43:26+00:00
npa_suicide_age_annual,R7jisatsunojoukyou.pdf,32,図表４－12,1995,全国,総数,40～49歳,40～49歳,3999,,2026-09-07T08:43:26+00:00
npa_suicide_age_annual,R7jisatsunojoukyou.pdf,32,図表４－12,1995,全国,総数,50～59歳,50～59歳,5031,,2026-09-07T08:43:26+00:00
npa_suicide_age_annual,R7jisatsunojoukyou.pdf,32,図表４－12,1995,全国,総数,60歳～,60～69歳|70～79歳|80歳～,7739,,2026-09-07T08:43:26+00:00
npa_suicide_age_annual,R7jisatsunojoukyou.pdf,32,図表４－12,1995,全国,総数,不詳,不詳,185,,2026-09-07T08:43:26+00:00
npa_suicide_age_annual,R7jisatsunojoukyou.pdf,32,図表４－12,1995,全国,総数,合計,合計,22445,,2026-09-07T08:43:26+00:00
npa_suicide_age_annual,R7jisatsunojoukyou.pdf,32,図表４－12,1996,全国,総数,～19歳,～９歳|10～19歳,492,,2026-09-07T08:43:26+00:00
npa_suicide_age_annual,R7jisatsunojoukyou.pdf,32,図表４－12,1996,全国,総数,20～29歳,20～29歳,2457,,2026-09-07T08:43:26+00:00
npa_suicide_age_annual,R7jisatsunojoukyou.pdf,32,図表４－12,1996,全国,総数,30～39歳,30～39歳,2501,,2026-09-07T08:43:26+00:00
npa_suicide_age_annual,R7jisatsunojoukyou.pdf,32,図表４－12,1996,全国,総数,40～49歳,40～49歳,4147,,2026-09-07T08:43:26+00:00
npa_suicide_age_annual,R7jisatsunojoukyou.pdf,32,図表４－12,1996,全国,総数,50～59歳,50～59歳,5013,,2026-09-07T08:43:26+00:00
npa_suicide_age_annual,R7jisatsunojoukyou.pdf,32,図表４－12,1996,全国,総数,60歳～,60～69歳|70～79歳|80歳～,8244,,2026-09-07T08:43:26+00:00
npa_suicide_age_annual,R7jisatsunojoukyou.pdf,32,図表４－12,1996,全国,総数,不詳,不詳,250,,2026-09-07T08:43:26+00:00
npa_suicide_age_annual,R7jisatsunojoukyou.pdf,32,図表４－12,1996,全国,総数,合計,合計,23104,,2026-09-07T08:43:26+00:00
npa_suicide_age_annual,R7jisatsunojoukyou.pdf,32,図表４－12,1997,全国,総数,～19歳,～９歳|10～19歳,469,,2026-09-07T08:43:26+00:00
npa_suicide_age_annual,R7jisatsunojoukyou.pdf,32,図表４－12,1997,全国,総数,20～29歳,20～29歳,2534,,2026-09-07T08:43:26+00:00
npa_suicide_age_annual,R7jisatsunojoukyou.pdf,32,図表４－12,1997,全国,総数,30～39歳,30～39歳,2767,,2026-09-07T08:43:26+00:00
npa_suicide_age_annual,R7jisatsunojoukyou.pdf,32,図表４－12,1997,全国,総数,40～49歳,40～49歳,4200,,2026-09-07T08:43:26+00:00
npa_suicide_age_annual,R7jisatsunojoukyou.pdf,32,図表４－12,1997,全国,総数,50～59歳,50～59歳,5422,,2026-09-07T08:43:26+00:00
npa_suicide_age_annual,R7jisatsunojoukyou.pdf,32,図表４－12,1997,全国,総数,60歳～,60～69歳|70～79歳|80歳～,8747,,2026-09-07T08:43:26+00:00
npa_suicide_age_annual,R7jisatsunojoukyou.pdf,32,図表４－12,1997,全国,総数,不詳,不詳,252,,2026-09-07T08:43:26+00:00
npa_suicide_age_annual,R7jisatsunojoukyou.pdf,32,図表４－12,1997,全国,総数,合計,合計,24391,,2026-09-07T08:43:26+00:00
npa_suicide_age_annual,R7jisatsunojoukyou.pdf,32,図表４－12,1998,全国,総数,～19歳,～９歳|10～19歳,720,,2026-09-07T08:43:26+00:00
npa_suicide_age_annual,R7jisatsunojoukyou.pdf,32,図表４－12,1998,全国,総数,20～29歳,20～29歳,3472,,2026-09-07T08:43:26+00:00
npa_suicide_age_annual,R7jisatsunojoukyou.pdf,32,図表４－12,1998,全国,総数,30～39歳,30～39歳,3614,,2026-09-07T08:43:26+00:00
npa_suicide_age_annual,R7jisatsunojoukyou.pdf,32,図表４－12,1998,全国,総数,40～49歳,40～49歳,5359,,2026-09-07T08:43:26+00:00
npa_suicide_age_annual,R7jisatsunojoukyou.pdf,32,図表４－12,1998,全国,総数,50～59歳,50～59歳,7898,,2026-09-07T08:43:26+00:00
npa_suicide_age_annual,R7jisatsunojoukyou.pdf,32,図表４－12,1998,全国,総数,60歳～,60～69歳|70～79歳|80歳～,11494,,2026-09-07T08:43:26+00:00
npa_suicide_age_annual,R7jisatsunojoukyou.pdf,32,図表４－12,1998,全国,総数,不詳,不詳,306,,2026-09-07T08:43:26+00:00
npa_suicide_age_annual,R7jisatsunojoukyou.pdf,32,図表４－12,1998,全国,総数,合計,合計,32863,,2026-09-07T08:43:26+00:00
npa_suicide_age_annual,R7jisatsunojoukyou.pdf,32,図表４－12,1999,全国,総数,～19歳,～９歳|10～19歳,674,,2026-09-07T08:43:26+00:00
npa_suicide_age_annual,R7jisatsunojoukyou.pdf,32,図表４－12,1999,全国,総数,20～29歳,20～29歳,3475,,2026-09-07T08:43:26+00:00
npa_suicide_age_annual,R7jisatsunojoukyou.pdf,32,図表４－12,1999,全国,総数,30～39歳,30～39歳,3797,,2026-09-07T08:43:26+00:00
npa_suicide_age_annual,R7jisatsunojoukyou.pdf,32,図表４－12,1999,全国,総数,40～49歳,40～49歳,5363,,2026-09-07T08:43:26+00:00
npa_suicide_age_annual,R7jisatsunojoukyou.pdf,32,図表４－12,1999,全国,総数,50～59歳,50～59歳,8288,,2026-09-07T08:43:26+00:00
npa_suicide_age_annual,R7jisatsunojoukyou.pdf,32,図表４－12,1999,全国,総数,60歳～,60～69歳|70～79歳|80歳～,11123,,2026-09-07T08:43:26+00:00
npa_suicide_age_annual,R7jisatsunojoukyou.pdf,32,図表４－12,1999,全国,総数,不詳,不詳,328,,2026-09-07T08:43:26+00:00
npa_suicide_age_annual,R7jisatsunojoukyou.pdf,32,図表４－12,1999,全国,総数,合計,合計,33048,,2026-09-07T08:43:26+00:00
npa_suicide_age_annual,R7jisatsunojoukyou.pdf,32,図表４－12,2000,全国,総数,～19歳,～９歳|10～19歳,598,,2026-09-07T08:43:26+00:00
npa_suicide_age_annual,R7jisatsunojoukyou.pdf,32,図表４－12,2000,全国,総数,20～29歳,20～29歳,3301,,2026-09-07T08:43:26+00:00
npa_suicide_age_annual,R7jisatsunojoukyou.pdf,32,図表４－12,2000,全国,総数,30～39歳,30～39歳,3685,,2026-09-07T08:43:26+00:00
npa_suicide_age_annual,R7jisatsunojoukyou.pdf,32,図表４－12,2000,全国,総数,40～49歳,40～49歳,4818,,2026-09-07T08:43:26+00:00
npa_suicide_age_annual,R7jisatsunojoukyou.pdf,32,図表４－12,2000,全国,総数,50～59歳,50～59歳,8245,,2026-09-07T08:43:26+00:00
npa_suicide_age_annual,R7jisatsunojoukyou.pdf,32,図表４－12,2000,全国,総数,60歳～,60～69歳|70～79歳|80歳～,10997,,2026-09-07T08:43:26+00:00
npa_suicide_age_annual,R7jisatsunojoukyou.pdf,32,図表４－12,2000,全国,総数,不詳,不詳,313,,2026-09-07T08:43:26+00:00
npa_suicide_age_annual,R7jisatsunojoukyou.pdf,32,図表４－12,2000,全国,総数,合計,合計,31957,,2026-09-07T08:43:26+00:00
npa_suicide_age_annual,R7jisatsunojoukyou.pdf,32,図表４－12,2001,全国,総数,～19歳,～９歳|10～19歳,586,,2026-09-07T08:43:26+00:00
npa_suicide_age_annual,R7jisatsunojoukyou.pdf,32,図表４－12,2001,全国,総数,20～29歳,20～29歳,3095,,2026-09-07T08:43:26+00:00
npa_suicide_age_annual,R7jisatsunojoukyou.pdf,32,図表４－12,2001,全国,総数,30～39歳,30～39歳,3622,,2026-09-07T08:43:26+00:00
npa_suicide_age_annual,R7jisatsunojoukyou.pdf,32,図表４－12,2001,全国,総数,40～49歳,40～49歳,4643,,2026-09-07T08:43:26+00:00
npa_suicide_age_annual,R7jisatsunojoukyou.pdf,32,図表４－12,2001,全国,総数,50～59歳,50～59歳,7883,,2026-09-07T08:43:26+00:00
npa_suicide_age_annual,R7jisatsunojoukyou.pdf,32,図表４－12,2001,全国,総数,60歳～,60～69歳|70～79歳|80歳～,10891,,2026-09-07T08:43:26+00:00
npa_suicide_age_annual,R7jisatsunojoukyou.pdf,32,図表４－12,2001,全国,総数,不詳,不詳,322,,2026-09-07T08:43:26+00:00
npa_suicide_age_annual,R7jisatsunojoukyou.pdf,32,図表４－12,2001,全国,総数,合計,合計,31042,,2026-09-07T08:43:26+00:00
npa_suicide_age_annual,R7jisatsunojoukyou.pdf,32,図表４－12,2002,全国,総数,～19歳,～９歳|10～19歳,502,,2026-09-07T08:43:26+00:00
npa_suicide_age_annual,R7jisatsunojoukyou.pdf,32,図表４－12,2002,全国,総数,20～29歳,20～29歳,3018,,2026-09-07T08:43:26+00:00
npa_suicide_age_annual,R7jisatsunojoukyou.pdf,32,図表４－12,2002,全国,総数,30～39歳,30～39歳,3935,,2026-09-07T08:43:26+00:00
npa_suicide_age_annual,R7jisatsunojoukyou.pdf,32,図表４－12,2002,全国,総数,40～49歳,40～49歳,4813,,2026-09-07T08:43:26+00:00
npa_suicide_age_annual,R7jisatsunojoukyou.pdf,32,図表４－12,2002,全国,総数,50～59歳,50～59歳,8462,,2026-09-07T08:43:26+00:00
npa_suicide_age_annual,R7jisatsunojoukyou.pdf,32,図表４－12,2002,全国,総数,60歳～,60～69歳|70～79歳|80歳～,11119,,2026-09-07T08:43:26+00:00
npa_suicide_age_annual,R7jisatsunojoukyou.pdf,32,図表４－12,2002,全国,総数,不詳,不詳,294,,2026-09-07T08:43:26+00:00
npa_suicide_age_annual,R7jisatsunojoukyou.pdf,32,図表４－12,2002,全国,総数,合計,合計,32143,,2026-09-07T08:43:26+00:00
npa_suicide_age_annual,R7jisatsunojoukyou.pdf,32,図表４－12,2003,全国,総数,～19歳,～９歳|10～19歳,613,,2026-09-07T08:43:26+00:00
npa_suicide_age_annual,R7jisatsunojoukyou.pdf,32,図表４－12,2003,全国,総数,20～29歳,20～29歳,3353,,2026-09-07T08:43:26+00:00
npa_suicide_age_annual,R7jisatsunojoukyou.pdf,32,図表４－12,2003,全国,総数,30～39歳,30～39歳,4603,,2026-09-07T08:43:26+00:00
npa_suicide_age_annual,R7jisatsunojoukyou.pdf,32,図表４－12,2003,全国,総数,40～49歳,40～49歳,5419,,2026-09-07T08:43:26+00:00
npa_suicide_age_annual,R7jisatsunojoukyou.pdf,32,図表４－12,2003,全国,総数,50～59歳,50～59歳,8614,,2026-09-07T08:43:26+00:00
npa_suicide_age_annual,R7jisatsunojoukyou.pdf,32,図表４－12,2003,全国,総数,60歳～,60～69歳|70～79歳|80歳～,11529,,2026-09-07T08:43:26+00:00
npa_suicide_age_annual,R7jisatsunojoukyou.pdf,32,図表４－12,2003,全国,総数,不詳,不詳,296,,2026-09-07T08:43:26+00:00
npa_suicide_age_annual,R7jisatsunojoukyou.pdf,32,図表４－12,2003,全国,総数,合計,合計,34427,,2026-09-07T08:43:26+00:00
npa_suicide_age_annual,R7jisatsunojoukyou.pdf,32,図表４－12,2004,全国,総数,～19歳,～９歳|10～19歳,589,,2026-09-07T08:43:26+00:00
npa_suicide_age_annual,R7jisatsunojoukyou.pdf,32,図表４－12,2004,全国,総数,20～29歳,20～29歳,3247,,2026-09-07T08:43:26+00:00
npa_suicide_age_annual,R7jisatsunojoukyou.pdf,32,図表４－12,2004,全国,総数,30～39歳,30～39歳,4333,,2026-09-07T08:43:26+00:00
npa_suicide_age_annual,R7jisatsunojoukyou.pdf,32,図表４－12,2004,全国,総数,40～49歳,40～49歳,5102,,2026-09-07T08:43:26+00:00
npa_suicide_age_annual,R7jisatsunojoukyou.pdf,32,図表４－12,2004,全国,総数,50～59歳,50～59歳,7772,,2026-09-07T08:43:26+00:00
npa_suicide_age_annual,R7jisatsunojoukyou.pdf,32,図表４－12,2004,全国,総数,60歳～,60～69歳|70～79歳|80歳～,10994,,2026-09-07T08:43:26+00:00
npa_suicide_age_annual,R7jisatsunojoukyou.pdf,32,図表４－12,2004,全国,総数,不詳,不詳,288,,2026-09-07T08:43:26+00:00
npa_suicide_age_annual,R7jisatsunojoukyou.pdf,32,図表４－12,2004,全国,総数,合計,合計,32325,,2026-09-07T08:43:26+00:00
npa_suicide_age_annual,R7jisatsunojoukyou.pdf,32,図表４－12,2005,全国,総数,～19歳,～９歳|10～19歳,608,,2026-09-07T08:43:26+00:00
npa_suicide_age_annual,R7jisatsunojoukyou.pdf,32,図表４－12,2005,全国,総数,20～29歳,20～29歳,3409,,2026-09-07T08:43:26+00:00
npa_suicide_age_annual,R7jisatsunojoukyou.pdf,32,図表４－12,2005,全国,総数,30～39歳,30～39歳,4606,,2026-09-07T08:43:26+00:00
npa_suicide_age_annual,R7jisatsunojoukyou.pdf,32,図表４－12,2005,全国,総数,40～49歳,40～49歳,5208,,2026-09-07T08:43:26+00:00
npa_suicide_age_annual,R7jisatsunojoukyou.pdf,32,図表４－12,2005,全国,総数,50～59歳,50～59歳,7586,,2026-09-07T08:43:26+00:00
npa_suicide_age_annual,R7jisatsunojoukyou.pdf,32,図表４－12,2005,全国,総数,60歳～,60～69歳|70～79歳|80歳～,10894,,2026-09-07T08:43:26+00:00
npa_suicide_age_annual,R7jisatsunojoukyou.pdf,32,図表４－12,2005,全国,総数,不詳,不詳,241,,2026-09-07T08:43:26+00:00
npa_suicide_age_annual,R7jisatsunojoukyou.pdf,32,図表４－12,2005,全国,総数,合計,合計,32552,,2026-09-07T08:43:26+00:00
npa_suicide_age_annual,R7jisatsunojoukyou.pdf,32,図表４－12,2006,全国,総数,～19歳,～９歳|10～19歳,623,,2026-09-07T08:43:26+00:00
npa_suicide_age_annual,R7jisatsunojoukyou.pdf,32,図表４－12,2006,全国,総数,20～29歳,20～29歳,3395,,2026-09-07T08:43:26+00:00
npa_suicide_age_annual,R7jisatsunojoukyou.pdf,32,図表４－12,2006,全国,総数,30～39歳,30～39歳,4497,,2026-09-07T08:43:26+00:00
npa_suicide_age_annual,R7jisatsunojoukyou.pdf,32,図表４－12,2006,全国,総数,40～49歳,40～49歳,5008,,2026-09-07T08:43:26+00:00
npa_suicide_age_annual,R7jisatsunojoukyou.pdf,32,図表４－12,2006,全国,総数,50～59歳,50～59歳,7246,,2026-09-07T08:43:26+00:00
npa_suicide_age_annual,R7jisatsunojoukyou.pdf,32,図表４－12,2006,全国,総数,60歳～,60～69歳|70～79歳|80歳～,11120,,2026-09-07T08:43:26+00:00
npa_suicide_age_annual,R7jisatsunojoukyou.pdf,32,図表４－12,2006,全国,総数,不詳,不詳,266,,2026-09-07T08:43:26+00:00
npa_suicide_age_annual,R7jisatsunojoukyou.pdf,32,図表４－12,2006,全国,総数,合計,合計,32155,,2026-09-07T08:43:26+00:00
npa_suicide_age_annual,R7jisatsunojoukyou.pdf,32,図表４－12,2007,全国,総数,～19歳,～９歳|10～19歳,548,,2026-09-07T08:43:26+00:00
npa_suicide_age_annual,R7jisatsunojoukyou.pdf,32,図表４－12,2007,全国,総数,20～29歳,20～29歳,3309,,2026-09-07T08:43:26+00:00
npa_suicide_age_annual,R7jisatsunojoukyou.pdf,32,図表４－12,2007,全国,総数,30～39歳,30～39歳,4767,,2026-09-07T08:43:26+00:00
npa_suicide_age_annual,R7jisatsunojoukyou.pdf,32,図表４－12,2007,全国,総数,40～49歳,40～49歳,5096,,2026-09-07T08:43:26+00:00
npa_suicide_age_annual,R7jisatsunojoukyou.pdf,32,図表４－12,2007,全国,総数,50～59歳,50～59歳,7046,,2026-09-07T08:43:26+00:00
npa_suicide_age_annual,R7jisatsunojoukyou.pdf,32,図表４－12,2007,全国,総数,60～69歳,60～69歳,5710,,2026-09-07T08:43:26+00:00
npa_suicide_age_annual,R7jisatsunojoukyou.pdf,32,図表４－12,2007,全国,総数,70～79歳,70～79歳,3909,,2026-09-07T08:43:26+00:00
npa_suicide_age_annual,R7jisatsunojoukyou.pdf,32,図表４－12,2007,全国,総数,80歳～,80歳～,2488,,2026-09-07T08:43:26+00:00
npa_suicide_age_annual,R7jisatsunojoukyou.pdf,32,図表４－12,2007,全国,総数,不詳,不詳,220,,2026-09-07T08:43:26+00:00
npa_suicide_age_annual,R7jisatsunojoukyou.pdf,32,図表４－12,2007,全国,総数,合計,合計,33093,,2026-09-07T08:43:26+00:00
npa_suicide_age_annual,R7jisatsunojoukyou.pdf,32,図表４－12,2008,全国,総数,～19歳,～９歳|10～19歳,611,,2026-09-07T08:43:26+00:00
npa_suicide_age_annual,R7jisatsunojoukyou.pdf,32,図表４－12,2008,全国,総数,20～29歳,20～29歳,3438,,2026-09-07T08:43:26+00:00
npa_suicide_age_annual,R7jisatsunojoukyou.pdf,32,図表４－12,2008,全国,総数,30～39歳,30～39歳,4850,,2026-09-07T08:43:26+00:00
npa_suicide_age_annual,R7jisatsunojoukyou.pdf,32,図表４－12,2008,全国,総数,40～49歳,40～49歳,4970,,2026-09-07T08:43:26+00:00
npa_suicide_age_annual,R7jisatsunojoukyou.pdf,32,図表４－12,2008,全国,総数,50～59歳,50～59歳,6363,,2026-09-07T08:43:26+00:00
npa_suicide_age_annual,R7jisatsunojoukyou.pdf,32,図表４－12,2008,全国,総数,60～69歳,60～69歳,5735,,2026-09-07T08:43:26+00:00
npa_suicide_age_annual,R7jisatsunojoukyou.pdf,32,図表４－12,2008,全国,総数,70～79歳,70～79歳,3697,,2026-09-07T08:43:26+00:00
npa_suicide_age_annual,R7jisatsunojoukyou.pdf,32,図表４－12,2008,全国,総数,80歳～,80歳～,2361,,2026-09-07T08:43:26+00:00
npa_suicide_age_annual,R7jisatsunojoukyou.pdf,32,図表４－12,2008,全国,総数,不詳,不詳,224,,2026-09-07T08:43:26+00:00
npa_suicide_age_annual,R7jisatsunojoukyou.pdf,32,図表４－12,2008,全国,総数,合計,合計,32249,,2026-09-07T08:43:26+00:00
npa_suicide_age_annual,R7jisatsunojoukyou.pdf,32,図表４－12,2009,全国,総数,～９歳,～９歳,0,,2026-09-07T08:43:26+00:00
npa_suicide_age_annual,R7jisatsunojoukyou.pdf,32,図表４－12,2009,全国,総数,10～19歳,10～19歳,565,,2026-09-07T08:43:26+00:00
npa_suicide_age_annual,R7jisatsunojoukyou.pdf,32,図表４－12,2009,全国,総数,20～29歳,20～29歳,3470,,2026-09-07T08:43:26+00:00
npa_suicide_age_annual,R7jisatsunojoukyou.pdf,32,図表４－12,2009,全国,総数,30～39歳,30～39歳,4794,,2026-09-07T08:43:26+00:00
npa_suicide_age_annual,R7jisatsunojoukyou.pdf,32,図表４－12,2009,全国,総数,40～49歳,40～49歳,5261,,2026-09-07T08:43:26+00:00
npa_suicide_age_annual,R7jisatsunojoukyou.pdf,32,図表４－12,2009,全国,総数,50～59歳,50～59歳,6491,,2026-09-07T08:43:26+00:00
npa_suicide_age_annual,R7jisatsunojoukyou.pdf,32,図表４－12,2009,全国,総数,60～69歳,60～69歳,5958,,2026-09-07T08:43:26+00:00
npa_suicide_age_annual,R7jisatsunojoukyou.pdf,32,図表４－12,2009,全国,総数,70～79歳,70～79歳,3671,,2026-09-07T08:43:26+00:00
npa_suicide_age_annual,R7jisatsunojoukyou.pdf,32,図表４－12,2009,全国,総数,80歳～,80歳～,2405,,2026-09-07T08:43:26+00:00
npa_suicide_age_annual,R7jisatsunojoukyou.pdf,32,図表４－12,2009,全国,総数,不詳,不詳,230,,2026-09-07T08:43:26+00:00
npa_suicide_age_annual,R7jisatsunojoukyou.pdf,32,図表４－12,2009,全国,総数,合計,合計,32845,,2026-09-07T08:43:26+00:00
npa_suicide_age_annual,R7jisatsunojoukyou.pdf,32,図表４－12,2010,全国,総数,～９歳,～９歳,1,,2026-09-07T08:43:26+00:00
npa_suicide_age_annual,R7jisatsunojoukyou.pdf,32,図表４－12,2010,全国,総数,10～19歳,10～19歳,551,,2026-09-07T08:43:26+00:00
npa_suicide_age_annual,R7jisatsunojoukyou.pdf,32,図表４－12,2010,全国,総数,20～29歳,20～29歳,3240,,2026-09-07T08:43:26+00:00
npa_suicide_age_annual,R7jisatsunojoukyou.pdf,32,図表４－12,2010,全国,総数,30～39歳,30～39歳,4596,,2026-09-07T08:43:26+00:00
npa_suicide_age_annual,R7jisatsunojoukyou.pdf,32,図表４－12,2010,全国,総数,40～49歳,40～49歳,5165,,2026-09-07T08:43:26+00:00
npa_suicide_age_annual,R7jisatsunojoukyou.pdf,32,図表４－12,2010,全国,総数,50～59歳,50～59歳,5959,,2026-09-07T08:43:26+00:00
npa_suicide_age_annual,R7jisatsunojoukyou.pdf,32,図表４－12,2010,全国,総数,60～69歳,60～69歳,5908,,2026-09-07T08:43:26+00:00
npa_suicide_age_annual,R7jisatsunojoukyou.pdf,32,図表４－12,2010,全国,総数,70～79歳,70～79歳,3673,,2026-09-07T08:43:26+00:00
npa_suicide_age_annual,R7jisatsunojoukyou.pdf,32,図表４－12,2010,全国,総数,80歳～,80歳～,2401,,2026-09-07T08:43:26+00:00
npa_suicide_age_annual,R7jisatsunojoukyou.pdf,32,図表４－12,2010,全国,総数,不詳,不詳,196,,2026-09-07T08:43:26+00:00
npa_suicide_age_annual,R7jisatsunojoukyou.pdf,32,図表４－12,2010,全国,総数,合計,合計,31690,,2026-09-07T08:43:26+00:00
npa_suicide_age_annual,R7jisatsunojoukyou.pdf,32,図表４－12,2011,全国,総数,～９歳,～９歳,2,,2026-09-07T08:43:26+00:00
npa_suicide_age_annual,R7jisatsunojoukyou.pdf,32,図表４－12,2011,全国,総数,10～19歳,10～19歳,620,,2026-09-07T08:43:26+00:00
npa_suicide_age_annual,R7jisatsunojoukyou.pdf,32,図表４－12,2011,全国,総数,20～29歳,20～29歳,3304,,2026-09-07T08:43:26+00:00
npa_suicide_age_annual,R7jisatsunojoukyou.pdf,32,図表４－12,2011,全国,総数,30～39歳,30～39歳,4455,,2026-09-07T08:43:26+00:00
npa_suicide_age_annual,R7jisatsunojoukyou.pdf,32,図表４－12,2011,全国,総数,40～49歳,40～49歳,5053,,2026-09-07T08:43:26+00:00
npa_suicide_age_annual,R7jisatsunojoukyou.pdf,32,図表４－12,2011,全国,総数,50～59歳,50～59歳,5375,,2026-09-07T08:43:26+00:00
npa_suicide_age_annual,R7jisatsunojoukyou.pdf,32,図表４－12,2011,全国,総数,60～69歳,60～69歳,5547,,2026-09-07T08:43:26+00:00
npa_suicide_age_annual,R7jisatsunojoukyou.pdf,32,図表４－12,2011,全国,総数,70～79歳,70～79歳,3685,,2026-09-07T08:43:26+00:00
npa_suicide_age_annual,R7jisatsunojoukyou.pdf,32,図表４－12,2011,全国,総数,80歳～,80歳～,2429,,2026-09-07T08:43:26+00:00
npa_suicide_age_annual,R7jisatsunojoukyou.pdf,32,図表４－12,2011,全国,総数,不詳,不詳,181,,2026-09-07T08:43:26+00:00
npa_suicide_age_annual,R7jisatsunojoukyou.pdf,32,図表４－12,2011,全国,総数,合計,合計,30651,,2026-09-07T08:43:26+00:00
npa_suicide_age_annual,R7jisatsunojoukyou.pdf,32,図表４－12,2012,全国,総数,～９歳,～９歳,1,,2026-09-07T08:43:26+00:00
npa_suicide_age_annual,R7jisatsunojoukyou.pdf,32,図表４－12,2012,全国,総数,10～19歳,10～19歳,586,,2026-09-07T08:43:26+00:00
npa_suicide_age_annual,R7jisatsunojoukyou.pdf,32,図表４－12,2012,全国,総数,20～29歳,20～29歳,3000,,2026-09-07T08:43:26+00:00
npa_suicide_age_annual,R7jisatsunojoukyou.pdf,32,図表４－12,2012,全国,総数,30～39歳,30～39歳,3781,,2026-09-07T08:43:26+00:00
npa_suicide_age_annual,R7jisatsunojoukyou.pdf,32,図表４－12,2012,全国,総数,40～49歳,40～49歳,4616,,2026-09-07T08:43:26+00:00
npa_suicide_age_annual,R7jisatsunojoukyou.pdf,32,図表４－12,2012,全国,総数,50～59歳,50～59歳,4668,,2026-09-07T08:43:26+00:00
npa_suicide_age_annual,R7jisatsunojoukyou.pdf,32,図表４－12,2012,全国,総数,60～69歳,60～69歳,4976,,2026-09-07T08:43:26+00:00
npa_suicide_age_annual,R7jisatsunojoukyou.pdf,32,図表４－12,2012,全国,総数,70～79歳,70～79歳,3661,,2026-09-07T08:43:26+00:00
npa_suicide_age_annual,R7jisatsunojoukyou.pdf,32,図表４－12,2012,全国,総数,80歳～,80歳～,2411,,2026-09-07T08:43:26+00:00
npa_suicide_age_annual,R7jisatsunojoukyou.pdf,32,図表４－12,2012,全国,総数,不詳,不詳,158,,2026-09-07T08:43:26+00:00
npa_suicide_age_annual,R7jisatsunojoukyou.pdf,32,図表４－12,2012,全国,総数,合計,合計,27858,,2026-09-07T08:43:26+00:00
npa_suicide_age_annual,R7jisatsunojoukyou.pdf,32,図表４－12,2013,全国,総数,～９歳,～９歳,2,,2026-09-07T08:43:26+00:00
npa_suicide_age_annual,R7jisatsunojoukyou.pdf,32,図表４－12,2013,全国,総数,10～19歳,10～19歳,545,,2026-09-07T08:43:26+00:00
npa_suicide_age_annual,R7jisatsunojoukyou.pdf,32,図表４－12,2013,全国,総数,20～29歳,20～29歳,2801,,2026-09-07T08:43:26+00:00
npa_suicide_age_annual,R7jisatsunojoukyou.pdf,32,図表４－12,2013,全国,総数,30～39歳,30～39歳,3705,,2026-09-07T08:43:26+00:00
npa_suicide_age_annual,R7jisatsunojoukyou.pdf,32,図表４－12,2013,全国,総数,40～49歳,40～49歳,4589,,2026-09-07T08:43:26+00:00
npa_suicide_age_annual,R7jisatsunojoukyou.pdf,32,図表４－12,2013,全国,総数,50～59歳,50～59歳,4484,,2026-09-07T08:43:26+00:00
npa_suicide_age_annual,R7jisatsunojoukyou.pdf,32,図表４－12,2013,全国,総数,60～69歳,60～69歳,4716,,2026-09-07T08:43:26+00:00
npa_suicide_age_annual,R7jisatsunojoukyou.pdf,32,図表４－12,2013,全国,総数,70～79歳,70～79歳,3785,,2026-09-07T08:43:26+00:00
npa_suicide_age_annual,R7jisatsunojoukyou.pdf,32,図表４－12,2013,全国,総数,80歳～,80歳～,2533,,2026-09-07T08:43:26+00:00
npa_suicide_age_annual,R7jisatsunojoukyou.pdf,32,図表４－12,2013,全国,総数,不詳,不詳,123,,2026-09-07T08:43:26+00:00
npa_suicide_age_annual,R7jisatsunojoukyou.pdf,32,図表４－12,2013,全国,総数,合計,合計,27283,,2026-09-07T08:43:26+00:00
npa_suicide_age_annual,R7jisatsunojoukyou.pdf,32,図表４－12,2014,全国,総数,～９歳,～９歳,2,,2026-09-07T08:43:26+00:00
npa_suicide_age_annual,R7jisatsunojoukyou.pdf,32,図表４－12,2014,全国,総数,10～19歳,10～19歳,536,,2026-09-07T08:43:26+00:00
npa_suicide_age_annual,R7jisatsunojoukyou.pdf,32,図表４－12,2014,全国,総数,20～29歳,20～29歳,2684,,2026-09-07T08:43:26+00:00
npa_suicide_age_annual,R7jisatsunojoukyou.pdf,32,図表４－12,2014,全国,総数,30～39歳,30～39歳,3413,,2026-09-07T08:43:26+00:00
npa_suicide_age_annual,R7jisatsunojoukyou.pdf,32,図表４－12,2014,全国,総数,40～49歳,40～49歳,4234,,2026-09-07T08:43:26+00:00
npa_suicide_age_annual,R7jisatsunojoukyou.pdf,32,図表４－12,2014,全国,総数,50～59歳,50～59歳,4181,,2026-09-07T08:43:26+00:00
npa_suicide_age_annual,R7jisatsunojoukyou.pdf,32,図表４－12,2014,全国,総数,60～69歳,60～69歳,4325,,2026-09-07T08:43:26+00:00
npa_suicide_age_annual,R7jisatsunojoukyou.pdf,32,図表４－12,2014,全国,総数,70～79歳,70～79歳,3508,,2026-09-07T08:43:26+00:00
npa_suicide_age_annual,R7jisatsunojoukyou.pdf,32,図表４－12,2014,全国,総数,80歳～,80歳～,2457,,2026-09-07T08:43:26+00:00
npa_suicide_age_annual,R7jisatsunojoukyou.pdf,32,図表４－12,2014,全国,総数,不詳,不詳,87,,2026-09-07T08:43:26+00:00
npa_suicide_age_annual,R7jisatsunojoukyou.pdf,32,図表４－12,2014,全国,総数,合計,合計,25427,,2026-09-07T08:43:26+00:00
npa_suicide_age_annual,R7jisatsunojoukyou.pdf,32,図表４－12,2015,全国,総数,～９歳,～９歳,1,,2026-09-07T08:43:26+00:00
npa_suicide_age_annual,R7jisatsunojoukyou.pdf,32,図表４－12,2015,全国,総数,10～19歳,10～19歳,553,,2026-09-07T08:43:26+00:00
npa_suicide_age_annual,R7jisatsunojoukyou.pdf,32,図表４－12,2015,全国,総数,20～29歳,20～29歳,2352,,2026-09-07T08:43:26+00:00
npa_suicide_age_annual,R7jisatsunojoukyou.pdf,32,図表４－12,2015,全国,総数,30～39歳,30～39歳,3087,,2026-09-07T08:43:26+00:00
npa_suicide_age_annual,R7jisatsunojoukyou.pdf,32,図表４－12,2015,全国,総数,40～49歳,40～49歳,4069,,2026-09-07T08:43:26+00:00
npa_suicide_age_annual,R7jisatsunojoukyou.pdf,32,図表４－12,2015,全国,総数,50～59歳,50～59歳,3979,,2026-09-07T08:43:26+00:00
npa_suicide_age_annual,R7jisatsunojoukyou.pdf,32,図表４－12,2015,全国,総数,60～69歳,60～69歳,3973,,2026-09-07T08:43:26+00:00
npa_suicide_age_annual,R7jisatsunojoukyou.pdf,32,図表４－12,2015,全国,総数,70～79歳,70～79歳,3451,,2026-09-07T08:43:26+00:00
npa_suicide_age_annual,R7jisatsunojoukyou.pdf,32,図表４－12,2015,全国,総数,80歳～,80歳～,2459,,2026-09-07T08:43:26+00:00
npa_suicide_age_annual,R7jisatsunojoukyou.pdf,32,図表４－12,2015,全国,総数,不詳,不詳,101,,2026-09-07T08:43:26+00:00
npa_suicide_age_annual,R7jisatsunojoukyou.pdf,32,図表４－12,2015,全国,総数,合計,合計,24025,,2026-09-07T08:43:26+00:00
npa_suicide_age_annual,R7jisatsunojoukyou.pdf,32,図表４－12,2016,全国,総数,～９歳,～９歳,1,,2026-09-07T08:43:26+00:00
npa_suicide_age_annual,R7jisatsunojoukyou.pdf,32,図表４－12,2016,全国,総数,10～19歳,10～19歳,519,,2026-09-07T08:43:26+00:00
npa_suicide_age_annual,R7jisatsunojoukyou.pdf,32,図表４－12,2016,全国,総数,20～29歳,20～29歳,2235,,2026-09-07T08:43:26+00:00
npa_suicide_age_annual,R7jisatsunojoukyou.pdf,32,図表４－12,2016,全国,総数,30～39歳,30～39歳,2824,,2026-09-07T08:43:26+00:00
npa_suicide_age_annual,R7jisatsunojoukyou.pdf,32,図表４－12,2016,全国,総数,40～49歳,40～49歳,3739,,2026-09-07T08:43:26+00:00
npa_suicide_age_annual,R7jisatsunojoukyou.pdf,32,図表４－12,2016,全国,総数,50～59歳,50～59歳,3631,,2026-09-07T08:43:26+00:00
npa_suicide_age_annual,R7jisatsunojoukyou.pdf,32,図表４－12,2016,全国,総数,60～69歳,60～69歳,3626,,2026-09-07T08:43:26+00:00
npa_suicide_age_annual,R7jisatsunojoukyou.pdf,32,図表４－12,2016,全国,総数,70～79歳,70～79歳,2983,,2026-09-07T08:43:26+00:00
npa_suicide_age_annual,R7jisatsunojoukyou.pdf,32,図表４－12,2016,全国,総数,80歳～,80歳～,2262,,2026-09-07T08:43:26+00:00
npa_suicide_age_annual,R7jisatsunojoukyou.pdf,32,図表４－12,2016,全国,総数,不詳,不詳,77,,2026-09-07T08:43:26+00:00
npa_suicide_age_annual,R7jisatsunojoukyou.pdf,32,図表４－12,2016,全国,総数,合計,合計,21897,,2026-09-07T08:43:26+00:00
npa_suicide_age_annual,R7jisatsunojoukyou.pdf,32,図表４－12,2017,全国,総数,～９歳,～９歳,0,,2026-09-07T08:43:26+00:00
npa_suicide_age_annual,R7jisatsunojoukyou.pdf,32,図表４－12,2017,全国,総数,10～19歳,10～19歳,567,,2026-09-07T08:43:26+00:00
npa_suicide_age_annual,R7jisatsunojoukyou.pdf,32,図表４－12,2017,全国,総数,20～29歳,20～29歳,2213,,2026-09-07T08:43:26+00:00
npa_suicide_age_annual,R7jisatsunojoukyou.pdf,32,図表４－12,2017,全国,総数,30～39歳,30～39歳,2703,,2026-09-07T08:43:26+00:00
npa_suicide_age_annual,R7jisatsunojoukyou.pdf,32,図表４－12,2017,全国,総数,40～49歳,40～49歳,3668,,2026-09-07T08:43:26+00:00
npa_suicide_age_annual,R7jisatsunojoukyou.pdf,32,図表４－12,2017,全国,総数,50～59歳,50～59歳,3593,,2026-09-07T08:43:26+00:00
npa_suicide_age_annual,R7jisatsunojoukyou.pdf,32,図表４－12,2017,全国,総数,60～69歳,60～69歳,3339,,2026-09-07T08:43:26+00:00
npa_suicide_age_annual,R7jisatsunojoukyou.pdf,32,図表４－12,2017,全国,総数,70～79歳,70～79歳,2926,,2026-09-07T08:43:26+00:00
npa_suicide_age_annual,R7jisatsunojoukyou.pdf,32,図表４－12,2017,全国,総数,80歳～,80歳～,2256,,2026-09-07T08:43:26+00:00
npa_suicide_age_annual,R7jisatsunojoukyou.pdf,32,図表４－12,2017,全国,総数,不詳,不詳,56,,2026-09-07T08:43:26+00:00
npa_suicide_age_annual,R7jisatsunojoukyou.pdf,32,図表４－12,2017,全国,総数,合計,合計,21321,,2026-09-07T08:43:26+00:00
npa_suicide_age_annual,R7jisatsunojoukyou.pdf,32,図表４－12,2018,全国,総数,～９歳,～９歳,0,,2026-09-07T08:43:26+00:00
npa_suicide_age_annual,R7jisatsunojoukyou.pdf,32,図表４－12,2018,全国,総数,10～19歳,10～19歳,599,,2026-09-07T08:43:26+00:00
npa_suicide_age_annual,R7jisatsunojoukyou.pdf,32,図表４－12,2018,全国,総数,20～29歳,20～29歳,2152,,2026-09-07T08:43:26+00:00
npa_suicide_age_annual,R7jisatsunojoukyou.pdf,32,図表４－12,2018,全国,総数,30～39歳,30～39歳,2597,,2026-09-07T08:43:26+00:00
npa_suicide_age_annual,R7jisatsunojoukyou.pdf,32,図表４－12,2018,全国,総数,40～49歳,40～49歳,3498,,2026-09-07T08:43:26+00:00
npa_suicide_age_annual,R7jisatsunojoukyou.pdf,32,図表４－12,2018,全国,総数,50～59歳,50～59歳,3575,,2026-09-07T08:43:26+00:00
npa_suicide_age_annual,R7jisatsunojoukyou.pdf,32,図表４－12,2018,全国,総数,60～69歳,60～69歳,3079,,2026-09-07T08:43:26+00:00
npa_suicide_age_annual,R7jisatsunojoukyou.pdf,32,図表４－12,2018,全国,総数,70～79歳,70～79歳,2998,,2026-09-07T08:43:26+00:00
npa_suicide_age_annual,R7jisatsunojoukyou.pdf,32,図表４－12,2018,全国,総数,80歳～,80歳～,2290,,2026-09-07T08:43:26+00:00
npa_suicide_age_annual,R7jisatsunojoukyou.pdf,32,図表４－12,2018,全国,総数,不詳,不詳,52,,2026-09-07T08:43:26+00:00
npa_suicide_age_annual,R7jisatsunojoukyou.pdf,32,図表４－12,2018,全国,総数,合計,合計,20840,,2026-09-07T08:43:26+00:00
npa_suicide_age_annual,R7jisatsunojoukyou.pdf,32,図表４－12,2019,全国,総数,～９歳,～９歳,0,,2026-09-07T08:43:26+00:00
npa_suicide_age_annual,R7jisatsunojoukyou.pdf,32,図表４－12,2019,全国,総数,10～19歳,10～19歳,659,,2026-09-07T08:43:26+00:00
npa_suicide_age_annual,R7jisatsunojoukyou.pdf,32,図表４－12,2019,全国,総数,20～29歳,20～29歳,2117,,2026-09-07T08:43:26+00:00
npa_suicide_age_annual,R7jisatsunojoukyou.pdf,32,図表４－12,2019,全国,総数,30～39歳,30～39歳,2526,,2026-09-07T08:43:26+00:00
npa_suicide_age_annual,R7jisatsunojoukyou.pdf,32,図表４－12,2019,全国,総数,40～49歳,40～49歳,3426,,2026-09-07T08:43:26+00:00
npa_suicide_age_annual,R7jisatsunojoukyou.pdf,32,図表４－12,2019,全国,総数,50～59歳,50～59歳,3435,,2026-09-07T08:43:26+00:00
npa_suicide_age_annual,R7jisatsunojoukyou.pdf,32,図表４－12,2019,全国,総数,60～69歳,60～69歳,2902,,2026-09-07T08:43:26+00:00
npa_suicide_age_annual,R7jisatsunojoukyou.pdf,32,図表４－12,2019,全国,総数,70～79歳,70～79歳,2917,,2026-09-07T08:43:26+00:00
npa_suicide_age_annual,R7jisatsunojoukyou.pdf,32,図表４－12,2019,全国,総数,80歳～,80歳～,2134,,2026-09-07T08:43:26+00:00
npa_suicide_age_annual,R7jisatsunojoukyou.pdf,32,図表４－12,2019,全国,総数,不詳,不詳,53,,2026-09-07T08:43:26+00:00
npa_suicide_age_annual,R7jisatsunojoukyou.pdf,32,図表４－12,2019,全国,総数,合計,合計,20169,,2026-09-07T08:43:26+00:00
npa_suicide_age_annual,R7jisatsunojoukyou.pdf,32,図表４－12,2020,全国,総数,～９歳,～９歳,0,,2026-09-07T08:43:26+00:00
npa_suicide_age_annual,R7jisatsunojoukyou.pdf,32,図表４－12,2020,全国,総数,10～19歳,10～19歳,777,,2026-09-07T08:43:26+00:00
npa_suicide_age_annual,R7jisatsunojoukyou.pdf,32,図表４－12,2020,全国,総数,20～29歳,20～29歳,2521,,2026-09-07T08:43:26+00:00
npa_suicide_age_annual,R7jisatsunojoukyou.pdf,32,図表４－12,2020,全国,総数,30～39歳,30～39歳,2610,,2026-09-07T08:43:26+00:00
npa_suicide_age_annual,R7jisatsunojoukyou.pdf,32,図表４－12,2020,全国,総数,40～49歳,40～49歳,3568,,2026-09-07T08:43:26+00:00
npa_suicide_age_annual,R7jisatsunojoukyou.pdf,32,図表４－12,2020,全国,総数,50～59歳,50～59歳,3425,,2026-09-07T08:43:26+00:00
npa_suicide_age_annual,R7jisatsunojoukyou.pdf,32,図表４－12,2020,全国,総数,60～69歳,60～69歳,2795,,2026-09-07T08:43:26+00:00
npa_suicide_age_annual,R7jisatsunojoukyou.pdf,32,図表４－12,2020,全国,総数,70～79歳,70～79歳,3026,,2026-09-07T08:43:26+00:00
npa_suicide_age_annual,R7jisatsunojoukyou.pdf,32,図表４－12,2020,全国,総数,80歳～,80歳～,2305,,2026-09-07T08:43:26+00:00
npa_suicide_age_annual,R7jisatsunojoukyou.pdf,32,図表４－12,2020,全国,総数,不詳,不詳,54,,2026-09-07T08:43:26+00:00
npa_suicide_age_annual,R7jisatsunojoukyou.pdf,32,図表４－12,2020,全国,総数,合計,合計,21081,,2026-09-07T08:43:26+00:00
npa_suicide_age_annual,R7jisatsunojoukyou.pdf,32,図表４－12,2021,全国,総数,～９歳,～９歳,1,,2026-09-07T08:43:26+00:00
npa_suicide_age_annual,R7jisatsunojoukyou.pdf,32,図表４－12,2021,全国,総数,10～19歳,10～19歳,749,,2026-09-07T08:43:26+00:00
npa_suicide_age_annual,R7jisatsunojoukyou.pdf,32,図表４－12,2021,全国,総数,20～29歳,20～29歳,2611,,2026-09-07T08:43:26+00:00
npa_suicide_age_annual,R7jisatsunojoukyou.pdf,32,図表４－12,2021,全国,総数,30～39歳,30～39歳,2554,,2026-09-07T08:43:26+00:00
npa_suicide_age_annual,R7jisatsunojoukyou.pdf,32,図表４－12,2021,全国,総数,40～49歳,40～49歳,3575,,2026-09-07T08:43:26+00:00
npa_suicide_age_annual,R7jisatsunojoukyou.pdf,32,図表４－12,2021,全国,総数,50～59歳,50～59歳,3618,,2026-09-07T08:43:26+00:00
npa_suicide_age_annual,R7jisatsunojoukyou.pdf,32,図表４－12,2021,全国,総数,60～69歳,60～69歳,2637,,2026-09-07T08:43:26+00:00
npa_suicide_age_annual,R7jisatsunojoukyou.pdf,32,図表４－12,2021,全国,総数,70～79歳,70～79歳,3009,,2026-09-07T08:43:26+00:00
npa_suicide_age_annual,R7jisatsunojoukyou.pdf,32,図表４－12,2021,全国,総数,80歳～,80歳～,2214,,2026-09-07T08:43:26+00:00
npa_suicide_age_annual,R7jisatsunojoukyou.pdf,32,図表４－12,2021,全国,総数,不詳,不詳,39,,2026-09-07T08:43:26+00:00
npa_suicide_age_annual,R7jisatsunojoukyou.pdf,32,図表４－12,2021,全国,総数,合計,合計,21007,,2026-09-07T08:43:26+00:00
npa_suicide_age_annual,R7jisatsunojoukyou.pdf,32,図表４－12,2022,全国,総数,～９歳,～９歳,2,,2026-09-07T08:43:26+00:00
npa_suicide_age_annual,R7jisatsunojoukyou.pdf,32,図表４－12,2022,全国,総数,10～19歳,10～19歳,796,,2026-09-07T08:43:26+00:00
npa_suicide_age_annual,R7jisatsunojoukyou.pdf,32,図表４－12,2022,全国,総数,20～29歳,20～29歳,2483,,2026-09-07T08:43:26+00:00
npa_suicide_age_annual,R7jisatsunojoukyou.pdf,32,図表４－12,2022,全国,総数,30～39歳,30～39歳,2545,,2026-09-07T08:43:26+00:00
npa_suicide_age_annual,R7jisatsunojoukyou.pdf,32,図表４－12,2022,全国,総数,40～49歳,40～49歳,3665,,2026-09-07T08:43:26+00:00
npa_suicide_age_annual,R7jisatsunojoukyou.pdf,32,図表４－12,2022,全国,総数,50～59歳,50～59歳,4093,,2026-09-07T08:43:26+00:00
npa_suicide_age_annual,R7jisatsunojoukyou.pdf,32,図表４－12,2022,全国,総数,60～69歳,60～69歳,2765,,2026-09-07T08:43:26+00:00
npa_suicide_age_annual,R7jisatsunojoukyou.pdf,32,図表４－12,2022,全国,総数,70～79歳,70～79歳,2994,,2026-09-07T08:43:26+00:00
npa_suicide_age_annual,R7jisatsunojoukyou.pdf,32,図表４－12,2022,全国,総数,80歳～,80歳～,2490,,2026-09-07T08:43:26+00:00
npa_suicide_age_annual,R7jisatsunojoukyou.pdf,32,図表４－12,2022,全国,総数,不詳,不詳,48,,2026-09-07T08:43:26+00:00
npa_suicide_age_annual,R7jisatsunojoukyou.pdf,32,図表４－12,2022,全国,総数,合計,合計,21881,,2026-09-07T08:43:26+00:00
npa_suicide_age_annual,R7jisatsunojoukyou.pdf,32,図表４－12,2023,全国,総数,～９歳,～９歳,0,,2026-09-07T08:43:26+00:00
npa_suicide_age_annual,R7jisatsunojoukyou.pdf,32,図表４－12,2023,全国,総数,10～19歳,10～19歳,810,,2026-09-07T08:43:26+00:00
npa_suicide_age_annual,R7jisatsunojoukyou.pdf,32,図表４－12,2023,全国,総数,20～29歳,20～29歳,2521,,2026-09-07T08:43:26+00:00
npa_suicide_age_annual,R7jisatsunojoukyou.pdf,32,図表４－12,2023,全国,総数,30～39歳,30～39歳,2587,,2026-09-07T08:43:26+00:00
npa_suicide_age_annual,R7jisatsunojoukyou.pdf,32,図表４－12,2023,全国,総数,40～49歳,40～49歳,3625,,2026-09-07T08:43:26+00:00
npa_suicide_age_annual,R7jisatsunojoukyou.pdf,32,図表４－12,2023,全国,総数,50～59歳,50～59歳,4194,,2026-09-07T08:43:26+00:00
npa_suicide_age_annual,R7jisatsunojoukyou.pdf,32,図表４－12,2023,全国,総数,60～69歳,60～69歳,2798,,2026-09-07T08:43:26+00:00
npa_suicide_age_annual,R7jisatsunojoukyou.pdf,32,図表４－12,2023,全国,総数,70～79歳,70～79歳,2901,,2026-09-07T08:43:26+00:00
npa_suicide_age_annual,R7jisatsunojoukyou.pdf,32,図表４－12,2023,全国,総数,80歳～,80歳～,2370,,2026-09-07T08:43:26+00:00
npa_suicide_age_annual,R7jisatsunojoukyou.pdf,32,図表４－12,2023,全国,総数,不詳,不詳,31,,2026-09-07T08:43:26+00:00
npa_suicide_age_annual,R7jisatsunojoukyou.pdf,32,図表４－12,2023,全国,総数,合計,合計,21837,,2026-09-07T08:43:26+00:00
npa_suicide_age_annual,R7jisatsunojoukyou.pdf,32,図表４－12,2024,全国,総数,～９歳,～９歳,1,,2026-09-07T08:43:26+00:00
npa_suicide_age_annual,R7jisatsunojoukyou.pdf,32,図表４－12,2024,全国,総数,10～19歳,10～19歳,799,,2026-09-07T08:43:26+00:00
npa_suicide_age_annual,R7jisatsunojoukyou.pdf,32,図表４－12,2024,全国,総数,20～29歳,20～29歳,2465,,2026-09-07T08:43:26+00:00
npa_suicide_age_annual,R7jisatsunojoukyou.pdf,32,図表４－12,2024,全国,総数,30～39歳,30～39歳,2399,,2026-09-07T08:43:26+00:00
npa_suicide_age_annual,R7jisatsunojoukyou.pdf,32,図表４－12,2024,全国,総数,40～49歳,40～49歳,3214,,2026-09-07T08:43:26+00:00
npa_suicide_age_annual,R7jisatsunojoukyou.pdf,32,図表４－12,2024,全国,総数,50～59歳,50～59歳,3799,,2026-09-07T08:43:26+00:00
npa_suicide_age_annual,R7jisatsunojoukyou.pdf,32,図表４－12,2024,全国,総数,60～69歳,60～69歳,2584,,2026-09-07T08:43:26+00:00
npa_suicide_age_annual,R7jisatsunojoukyou.pdf,32,図表４－12,2024,全国,総数,70～79歳,70～79歳,2685,,2026-09-07T08:43:26+00:00
npa_suicide_age_annual,R7jisatsunojoukyou.pdf,32,図表４－12,2024,全国,総数,80歳～,80歳～,2346,,2026-09-07T08:43:26+00:00
npa_suicide_age_annual,R7jisatsunojoukyou.pdf,32,図表４－12,2024,全国,総数,不詳,不詳,28,,2026-09-07T08:43:26+00:00
npa_suicide_age_annual,R7jisatsunojoukyou.pdf,32,図表４－12,2024,全国,総数,合計,合計,20320,,2026-09-07T08:43:26+00:00
npa_suicide_age_annual,R7jisatsunojoukyou.pdf,32,図表４－12,2025,全国,総数,～９歳,～９歳,1,,2026-09-07T08:43:26+00:00
npa_suicide_age_annual,R7jisatsunojoukyou.pdf,32,図表４－12,2025,全国,総数,10～19歳,10～19歳,829,,2026-09-07T08:43:26+00:00
npa_suicide_age_annual,R7jisatsunojoukyou.pdf,32,図表４－12,2025,全国,総数,20～29歳,20～29歳,2412,,2026-09-07T08:43:26+00:00
npa_suicide_age_annual,R7jisatsunojoukyou.pdf,32,図表４－12,2025,全国,総数,30～39歳,30～39歳,2293,,2026-09-07T08:43:26+00:00
npa_suicide_age_annual,R7jisatsunojoukyou.pdf,32,図表４－12,2025,全国,総数,40～49歳,40～49歳,2968,,2026-09-07T08:43:26+00:00
npa_suicide_age_annual,R7jisatsunojoukyou.pdf,32,図表４－12,2025,全国,総数,50～59歳,50～59歳,3743,,2026-09-07T08:43:26+00:00
npa_suicide_age_annual,R7jisatsunojoukyou.pdf,32,図表４－12,2025,全国,総数,60～69歳,60～69歳,2406,,2026-09-07T08:43:26+00:00
npa_suicide_age_annual,R7jisatsunojoukyou.pdf,32,図表４－12,2025,全国,総数,70～79歳,70～79歳,2337,,2026-09-07T08:43:26+00:00
npa_suicide_age_annual,R7jisatsunojoukyou.pdf,32,図表４－12,2025,全国,総数,80歳～,80歳～,2160,,2026-09-07T08:43:26+00:00
npa_suicide_age_annual,R7jisatsunojoukyou.pdf,32,図表４－12,2025,全国,総数,不詳,不詳,39,,2026-09-07T08:43:26+00:00
npa_suicide_age_annual,R7jisatsunojoukyou.pdf,32,図表４－12,2025,全国,総数,合計,合計,19188,,2026-09-07T08:43:26+00:00
