local_path,source_url,source_page_url,source_organization,acquired_date,acquired_date_basis,file_type,git_tracked,depends_on_files,builder_script,sha256,bytes,blank_reason
data/estat/immigration_entries.csv,https://www.e-stat.go.jp/stat-search/database?lid=0003449067; https://www.e-stat.go.jp/stat-search/database?lid=0003449068,https://www.e-stat.go.jp/stat-search/database?lid=0003449067; https://www.e-stat.go.jp/stat-search/database?lid=0003449068,法務省,2026-09-07T07:39:43Z,estat_meta_retrieved_at,csv,false,none,not_applicable,42c65b0804235ea0de8e7e87c8daf1c587618dc3b2de1d42f84f2421afc6fdfa,287831437,
data/estat/pop_age3_longterm.csv,https://www.e-stat.go.jp/stat-search/database?lid=0003410383,https://www.e-stat.go.jp/stat-search/database?lid=0003410383,総務省,2026-09-07T12:08:06Z,estat_meta_retrieved_at,csv,false,none,not_applicable,83141932ff68d9667d9c7094e5de4a9a14a3768b105508e33818c0dd5865d30c,1773037,
data/estat/pop_estimate_jp_fr.csv,https://www.e-stat.go.jp/stat-search/database?lid=0003014720; https://www.e-stat.go.jp/stat-search/database?lid=0003046409; https://www.e-stat.go.jp/stat-search/database?lid=0003080185; https://www.e-stat.go.jp/stat-search/database?lid=0003094403; https://www.e-stat.go.jp/stat-search/database?lid=0003104196; https://www.e-stat.go.jp/stat-search/database?lid=0003171323; https://www.e-stat.go.jp/stat-search/database?lid=0003215863; https://www.e-stat.go.jp/stat-search/database?lid=0003312325; https://www.e-stat.go.jp/stat-search/database?lid=0003412326; https://www.e-stat.go.jp/stat-search/database?lid=0003448219; https://www.e-stat.go.jp/stat-search/database?lid=0004001640; https://www.e-stat.go.jp/stat-search/database?lid=0004012960; https://www.e-stat.go.jp/stat-search/database?lid=0004026260,https://www.e-stat.go.jp/stat-search/database?lid=0003014720; https://www.e-stat.go.jp/stat-search/database?lid=0003046409; https://www.e-stat.go.jp/stat-search/database?lid=0003080185; https://www.e-stat.go.jp/stat-search/database?lid=0003094403; https://www.e-stat.go.jp/stat-search/database?lid=0003104196; https://www.e-stat.go.jp/stat-search/database?lid=0003171323; https://www.e-stat.go.jp/stat-search/database?lid=0003215863; https://www.e-stat.go.jp/stat-search/database?lid=0003312325; https://www.e-stat.go.jp/stat-search/database?lid=0003412326; https://www.e-stat.go.jp/stat-search/database?lid=0003448219; https://www.e-stat.go.jp/stat-search/database?lid=0004001640; https://www.e-stat.go.jp/stat-search/database?lid=0004012960; https://www.e-stat.go.jp/stat-search/database?lid=0004026260,総務省,2026-09-07T07:39:41Z,estat_meta_retrieved_at,csv,false,none,not_applicable,ba88d3685bae1126f73a36d591a5357527f4832dfb513aa0197994387e3a413c,328396,
data/estat/pop_estimate_single_age.csv,https://www.e-stat.go.jp/stat-search/database?lid=0003046410; https://www.e-stat.go.jp/stat-search/database?lid=0003080204; https://www.e-stat.go.jp/stat-search/database?lid=0003094423; https://www.e-stat.go.jp/stat-search/database?lid=0003104215; https://www.e-stat.go.jp/stat-search/database?lid=0003171268; https://www.e-stat.go.jp/stat-search/database?lid=0003215864; https://www.e-stat.go.jp/stat-search/database?lid=0003312326; https://www.e-stat.go.jp/stat-search/database?lid=0003412327; https://www.e-stat.go.jp/stat-search/database?lid=0003448220; https://www.e-stat.go.jp/stat-search/database?lid=0004001641; https://www.e-stat.go.jp/stat-search/database?lid=0004012961; https://www.e-stat.go.jp/stat-search/database?lid=0004026261,https://www.e-stat.go.jp/stat-search/database?lid=0003046410; https://www.e-stat.go.jp/stat-search/database?lid=0003080204; https://www.e-stat.go.jp/stat-search/database?lid=0003094423; https://www.e-stat.go.jp/stat-search/database?lid=0003104215; https://www.e-stat.go.jp/stat-search/database?lid=0003171268; https://www.e-stat.go.jp/stat-search/database?lid=0003215864; https://www.e-stat.go.jp/stat-search/database?lid=0003312326; https://www.e-stat.go.jp/stat-search/database?lid=0003412327; https://www.e-stat.go.jp/stat-search/database?lid=0003448220; https://www.e-stat.go.jp/stat-search/database?lid=0004001641; https://www.e-stat.go.jp/stat-search/database?lid=0004012961; https://www.e-stat.go.jp/stat-search/database?lid=0004026261,総務省,2026-09-07T07:39:38Z,estat_meta_retrieved_at,csv,false,none,not_applicable,13baa3a3b7dc2d5099d4e72f66f4a39552450062180156a34d58b1a8c235727d,8593410,
data/estat/pop_total_5y_2025.csv,https://www.e-stat.go.jp/stat-search/database?lid=0003443838,https://www.e-stat.go.jp/stat-search/database?lid=0003443838,総務省,2026-09-07T09:10:32Z,estat_meta_retrieved_at,csv,false,none,not_applicable,2ee1f5fb9e43c0e65574939cbb3abc71efc77ad845a28b798dddb4c1c703270b,21323,
data/estat/pop_total_single_age_annual.csv,https://www.e-stat.go.jp/stat-search/database?lid=0004029959; https://www.e-stat.go.jp/stat-search/database?lid=0004018845; https://www.e-stat.go.jp/stat-search/database?lid=0004010040; https://www.e-stat.go.jp/stat-search/database?lid=0004008040; https://www.e-stat.go.jp/stat-search/database?lid=0003459018; https://www.e-stat.go.jp/stat-search/database?lid=0003448228,https://www.e-stat.go.jp/stat-search/database?lid=0004029959; https://www.e-stat.go.jp/stat-search/database?lid=0004018845; https://www.e-stat.go.jp/stat-search/database?lid=0004010040; https://www.e-stat.go.jp/stat-search/database?lid=0004008040; https://www.e-stat.go.jp/stat-search/database?lid=0003459018; https://www.e-stat.go.jp/stat-search/database?lid=0003448228,総務省,2026-09-07T09:10:21Z,estat_meta_retrieved_at,csv,false,none,not_applicable,9fb2e7515a616fb9f10d5e959f9694202f1bcc7077e8820142a2940eb2ac4f43,5607142,
data/estat/residents_by_age_sex.csv,https://www.e-stat.go.jp/stat-search/database?lid=0004023760,https://www.e-stat.go.jp/stat-search/database?lid=0004023760,法務省,2026-09-07T07:39:57Z,estat_meta_retrieved_at,csv,false,none,not_applicable,3ecd0cf83cbc2497e07354aa7a3429294adc25bc9210a7a4512ebd8fdb085e5c,336944236,
data/estat/residents_by_status.csv,https://www.e-stat.go.jp/stat-search/database?lid=0004019020,https://www.e-stat.go.jp/stat-search/database?lid=0004019020,法務省,2026-09-07T07:39:54Z,estat_meta_retrieved_at,csv,false,none,not_applicable,95ed5203ad5952c205b8631b35a2b4adac9a15298f4cb70bb7c2149475105af7,45141287,
data/estat/vital_births.csv,https://www.e-stat.go.jp/stat-search/database?lid=0003411595,https://www.e-stat.go.jp/stat-search/database?lid=0003411595,厚生労働省,2026-09-07T07:39:42Z,estat_meta_retrieved_at,csv,false,none,not_applicable,4eb1a0ef4370e43238d12f7e88eab9ccc9391f5e16d5e6280f30f49c36b54277,68944,
data/estat/vital_births_rates.csv,https://www.e-stat.go.jp/stat-search/database?lid=0003411595,https://www.e-stat.go.jp/stat-search/database?lid=0003411595,厚生労働省,2026-09-07T12:08:07Z,estat_meta_retrieved_at,csv,false,none,not_applicable,a661e22fd2ad784bd38f4f795cdf0226e1f899b02181c4817843080e7e8f2e86,148456,
data/estat/vital_deaths.csv,https://www.e-stat.go.jp/stat-search/database?lid=0003411649,https://www.e-stat.go.jp/stat-search/database?lid=0003411649,厚生労働省,2026-09-07T07:39:43Z,estat_meta_retrieved_at,csv,false,none,not_applicable,a18fa41657659d9665736239a7d13e502eea07f187db9da168f0753f0538c821,68835,
data/estat/vital_deaths_rates.csv,https://www.e-stat.go.jp/stat-search/database?lid=0003411649,https://www.e-stat.go.jp/stat-search/database?lid=0003411649,厚生労働省,2026-09-07T12:08:08Z,estat_meta_retrieved_at,csv,false,none,not_applicable,8098d3ab3d49983dbe09a98b33b7f315ab728609227d45aa8b754b68b8b10ba7,191668,
data/estat/vital_suicide_age_sex.csv,https://www.e-stat.go.jp/stat-search/database?lid=0003411659,https://www.e-stat.go.jp/stat-search/database?lid=0003411659,厚生労働省,2026-09-07T07:39:43Z,estat_meta_retrieved_at,csv,false,none,not_applicable,04f23736be18c9b09530da36539bf9b2bf277a04c372e1f37279b960ae80db62,366650,
data/npa_yearly/H16_H16_jisatunogaiyou.pdf,https://www.npa.go.jp/safetylife/seianki/jisatsu/H16/H16_jisatunogaiyou.pdf,,警察庁,2026-09-07T17:29:59.186340Z,file_mtime,pdf,false,none,not_applicable,16f5a5e20c85f027b2d0ffa0de833d3758f2f9597cdcd8b2013ed58aa0b6ef4f,76623,source_page_url:not_recorded
data/npa_yearly/H17_H17_jisatunogaiyou.pdf,https://www.npa.go.jp/safetylife/seianki/jisatsu/H17/H17_jisatunogaiyou.pdf,,警察庁,2026-09-07T17:29:59.336262Z,file_mtime,pdf,false,none,not_applicable,24a79631ede136f0f0a92a071541b65a5babf9185efb2e940737cb0c0a122b6c,41775,source_page_url:not_recorded
data/npa_yearly/H18_H18_jisatunogaiyou.pdf,https://www.npa.go.jp/safetylife/seianki/jisatsu/H18/H18_jisatunogaiyou.pdf,,警察庁,2026-09-07T17:29:59.485542Z,file_mtime,pdf,false,none,not_applicable,1e65e1163592676ae125ac412465cda030a4d83c54ffa4c261ceb63f50e59683,28536,source_page_url:not_recorded
data/npa_yearly/H19_H19_jisatunogaiyou.pdf,https://www.npa.go.jp/safetylife/seianki/jisatsu/H19/H19_jisatunogaiyou.pdf,,警察庁,2026-09-07T17:29:59.668014Z,file_mtime,pdf,false,none,not_applicable,79bc5827eb68f5aef182420206c47097abd7982bbd092adca9a25bcd35484657,110402,source_page_url:not_recorded
data/npa_yearly/H20_H20_jisatunogaiyou.pdf,https://www.npa.go.jp/safetylife/seianki/jisatsu/H20/H20_jisatunogaiyou.pdf,,警察庁,2026-09-07T17:29:59.862647Z,file_mtime,pdf,false,none,not_applicable,ce8f2f43d910363447b06a3ca88362e1616db4533dfdd87945c3883be47732e5,185288,source_page_url:not_recorded
data/npa_yearly/H21_H21_jisatunogaiyou.pdf,https://www.npa.go.jp/safetylife/seianki/jisatsu/H21/H21_jisatunogaiyou.pdf,,警察庁,2026-09-07T17:30:00.062969Z,file_mtime,pdf,false,none,not_applicable,565d383af6287ea0500994ed14d1a04fcda386a4c566d59798c524002f6ee7af,181113,source_page_url:not_recorded
data/npa_yearly/H22_H22_jisatunogaiyou.pdf,https://www.npa.go.jp/safetylife/seianki/jisatsu/H22/H22_jisatunogaiyou.pdf,,警察庁,2026-09-07T17:30:00.256774Z,file_mtime,pdf,false,none,not_applicable,fc5793b025dd04c07a68501528128df63b4421f7ecc71c24e240411ffe377469,180579,source_page_url:not_recorded
data/npa_yearly/H23_H23_jisatunojoukyou_01.pdf,https://www.npa.go.jp/safetylife/seianki/jisatsu/H23/H23_jisatunojoukyou_01.pdf,,警察庁,2026-09-07T17:30:00.633501Z,file_mtime,pdf,false,none,not_applicable,88d464c2db254c44a060b309d5d8a5dec23c247237e124f9b66486ffaf058a14,155779,source_page_url:not_recorded
data/npa_yearly/H23_H23_jisatunojoukyou_02.pdf,https://www.npa.go.jp/safetylife/seianki/jisatsu/H23/H23_jisatunojoukyou_02.pdf,,警察庁,2026-09-07T17:30:00.913822Z,file_mtime,pdf,false,none,not_applicable,cdb724832eed1ae1fda8c09b34dc5ec63f7e5792c9a51ec513db50df33c7b0dc,504920,source_page_url:not_recorded
data/npa_yearly/H23_H23_jisatunojoukyou_03.pdf,https://www.npa.go.jp/safetylife/seianki/jisatsu/H23/H23_jisatunojoukyou_03.pdf,,警察庁,2026-09-07T17:30:01.116316Z,file_mtime,pdf,false,none,not_applicable,ece305c4877727be41a485011c1c892fb41482b0cdbf02319818e32018e95d91,436252,source_page_url:not_recorded
data/npa_yearly/H23_H23_jisatunojoukyou_04.pdf,https://www.npa.go.jp/safetylife/seianki/jisatsu/H23/H23_jisatunojoukyou_04.pdf,,警察庁,2026-09-07T17:30:01.334409Z,file_mtime,pdf,false,none,not_applicable,3bb352835be64d148be17407d932e3394e1e34f1839693a3e6246398e4c05ee5,397360,source_page_url:not_recorded
data/npa_yearly/H23_H23_jisatunojoukyou_05.pdf,https://www.npa.go.jp/safetylife/seianki/jisatsu/H23/H23_jisatunojoukyou_05.pdf,,警察庁,2026-09-07T17:30:01.528454Z,file_mtime,pdf,false,none,not_applicable,228b917463b1f32dc8850b139da85ce639e5b5380062f20d17699fedd098f292,209311,source_page_url:not_recorded
data/npa_yearly/H23_H23jisatu-huroku.pdf,https://www.npa.go.jp/safetylife/seianki/jisatsu/H23/H23jisatu-huroku.pdf,,警察庁,2026-09-07T17:30:01.792513Z,file_mtime,pdf,false,none,not_applicable,81c7041f0c58219dc01de17f157c18b958fb2da51204ce1c9ca756b1fd489702,996796,source_page_url:not_recorded
data/npa_yearly/H24_H24_jisatunojoukyou_01.pdf,https://www.npa.go.jp/safetylife/seianki/jisatsu/H24/H24_jisatunojoukyou_01.pdf,,警察庁,2026-09-07T17:30:01.970321Z,file_mtime,pdf,false,none,not_applicable,6f8e764fc05ae5fdc330cd568818a831cee3445111d1d35a45294fafbf27d514,160289,source_page_url:not_recorded
data/npa_yearly/H24_H24_jisatunojoukyou_02.pdf,https://www.npa.go.jp/safetylife/seianki/jisatsu/H24/H24_jisatunojoukyou_02.pdf,,警察庁,2026-09-07T17:30:02.210404Z,file_mtime,pdf,false,none,not_applicable,eedd77c9fea2c7101b4919865150bb4860811b5fc49c470cb071de4b0acedaa5,439642,source_page_url:not_recorded
data/npa_yearly/H24_H24_jisatunojoukyou_03.pdf,https://www.npa.go.jp/safetylife/seianki/jisatsu/H24/H24_jisatunojoukyou_03.pdf,,警察庁,2026-09-07T17:30:02.508323Z,file_mtime,pdf,false,none,not_applicable,9d4a993d450682b1d62e934af003b612538526443b836d57157b4a1e9e8b5a01,650518,source_page_url:not_recorded
data/npa_yearly/H24_H24_jisatunojoukyou_04.pdf,https://www.npa.go.jp/safetylife/seianki/jisatsu/H24/H24_jisatunojoukyou_04.pdf,,警察庁,2026-09-07T17:30:02.741405Z,file_mtime,pdf,false,none,not_applicable,eb470ee1aa6434f4f2849309f0f7fe3a60ed2ac8073ef6c3831d5dc702d26542,647819,source_page_url:not_recorded
data/npa_yearly/H24_H24_jisatunojoukyou_05.pdf,https://www.npa.go.jp/safetylife/seianki/jisatsu/H24/H24_jisatunojoukyou_05.pdf,,警察庁,2026-09-07T17:30:02.945395Z,file_mtime,pdf,false,none,not_applicable,386eda5562dc42a8e83f793cc785d5f4d6cee29ac9ea5b860e5bd1e9dafa01af,174467,source_page_url:not_recorded
data/npa_yearly/H24_H24jisatu-huroku_01.pdf,https://www.npa.go.jp/safetylife/seianki/jisatsu/H24/H24jisatu-huroku_01.pdf,,警察庁,2026-09-07T17:30:03.143506Z,file_mtime,pdf,false,none,not_applicable,d21038cf892799a522c52ee86b51c433aba40572d4d552a66c29b58584c46fd2,335828,source_page_url:not_recorded
data/npa_yearly/H24_H24jisatu-huroku_02.pdf,https://www.npa.go.jp/safetylife/seianki/jisatsu/H24/H24jisatu-huroku_02.pdf,,警察庁,2026-09-07T17:30:03.350794Z,file_mtime,pdf,false,none,not_applicable,5d4abaa25eb5a9a12f26c4791c4240a2968f2b1d747ccce900fc6424d90995dc,416639,source_page_url:not_recorded
data/npa_yearly/H25_H25_jisatunojoukyou_01.pdf,https://www.npa.go.jp/safetylife/seianki/jisatsu/H25/H25_jisatunojoukyou_01.pdf,,警察庁,2026-09-07T17:30:03.548898Z,file_mtime,pdf,false,none,not_applicable,6299278c580141b95a833a925fb23df3c27856f65e289a990ba453ffa9c18696,220088,source_page_url:not_recorded
data/npa_yearly/H25_H25_jisatunojoukyou_02.pdf,https://www.npa.go.jp/safetylife/seianki/jisatsu/H25/H25_jisatunojoukyou_02.pdf,,警察庁,2026-09-07T17:30:03.740711Z,file_mtime,pdf,false,none,not_applicable,2d44c078c7ee45d852d534f87856877308d00aae83fb93c86f676888abb94ae1,210211,source_page_url:not_recorded
data/npa_yearly/H25_H25_jisatunojoukyou_03.pdf,https://www.npa.go.jp/safetylife/seianki/jisatsu/H25/H25_jisatunojoukyou_03.pdf,,警察庁,2026-09-07T17:30:03.979381Z,file_mtime,pdf,false,none,not_applicable,51169946c3c4da52e7fc2207db7ef03ff51baafc4aec16ec1dea79a113f5b8e8,1380788,source_page_url:not_recorded
data/npa_yearly/H26_H26_jisatunojoukyou_01.pdf,https://www.npa.go.jp/safetylife/seianki/jisatsu/H26/H26_jisatunojoukyou_01.pdf,,警察庁,2026-09-07T17:30:04.185444Z,file_mtime,pdf,false,none,not_applicable,3558155e1800aa376bc5e116908fac54645a5eb4c51e7d8a3ffc92fd32f9e390,275155,source_page_url:not_recorded
data/npa_yearly/H26_H26_jisatunojoukyou_02-1.pdf,https://www.npa.go.jp/safetylife/seianki/jisatsu/H26/H26_jisatunojoukyou_02-1.pdf,,警察庁,2026-09-07T17:30:04.395477Z,file_mtime,pdf,false,none,not_applicable,8d10b5f9ae27ac08d76bb0f33bffd5086d09c73759f77bea04cd5a182cce58cb,147276,source_page_url:not_recorded
data/npa_yearly/H26_H26_jisatunojoukyou_02-2.pdf,https://www.npa.go.jp/safetylife/seianki/jisatsu/H26/H26_jisatunojoukyou_02-2.pdf,,警察庁,2026-09-07T17:30:04.629409Z,file_mtime,pdf,false,none,not_applicable,84c094a8b75642a35929bd172418550c6c6b713f401e4896e92dca9ebf3297c7,520948,source_page_url:not_recorded
data/npa_yearly/H26_H26_jisatunojoukyou_03.pdf,https://www.npa.go.jp/safetylife/seianki/jisatsu/H26/H26_jisatunojoukyou_03.pdf,,警察庁,2026-09-07T17:30:04.848988Z,file_mtime,pdf,false,none,not_applicable,d80083da3012b414ab222a69d2739c39f46f10fed3d4d256e68f4ac80f8f6a25,268311,source_page_url:not_recorded
data/npa_yearly/H26_H26_jisatunojoukyou_seigohyou.pdf,https://www.npa.go.jp/safetylife/seianki/jisatsu/H26/H26_jisatunojoukyou_seigohyou.pdf,,警察庁,2026-09-07T17:30:04.993963Z,file_mtime,pdf,false,none,not_applicable,72c0b26d0409985590bbfef6fae2a9e9d2d5208793105f43622483be1c1ef483,31498,source_page_url:not_recorded
data/npa_yearly/H27_H27_jisatunojoukyou_01.pdf,https://www.npa.go.jp/safetylife/seianki/jisatsu/H27/H27_jisatunojoukyou_01.pdf,,警察庁,2026-09-07T17:30:05.237065Z,file_mtime,pdf,false,none,not_applicable,9b5d5b2c440cbb3a3c440d850f9a526360f6d00ad68434282c133ad3860f6868,452646,source_page_url:not_recorded
data/npa_yearly/H27_H27_jisatunojoukyou_02.pdf,https://www.npa.go.jp/safetylife/seianki/jisatsu/H27/H27_jisatunojoukyou_02.pdf,,警察庁,2026-09-07T17:30:05.453207Z,file_mtime,pdf,false,none,not_applicable,0ba197cf764ee371288fdf34ae4a241a253edb9b3093c5c6b7c6921a1252e307,502427,source_page_url:not_recorded
data/npa_yearly/H27_H27_jisatunojoukyou_03.pdf,https://www.npa.go.jp/safetylife/seianki/jisatsu/H27/H27_jisatunojoukyou_03.pdf,,警察庁,2026-09-07T17:30:05.711046Z,file_mtime,pdf,false,none,not_applicable,dc486dd8ded199431999be14057390ab3e902c1d9d8e9e8fc354bec04468bec7,508190,source_page_url:not_recorded
data/npa_yearly/H28_H28_jisatunojokyou_02.pdf,https://www.npa.go.jp/safetylife/seianki/jisatsu/H28/H28_jisatunojokyou_02.pdf,,警察庁,2026-09-07T17:30:06.049988Z,file_mtime,pdf,false,none,not_applicable,568d3e2c5e4d80c06760e3511de45efc17cf9cecba14a6c2a469284cfb0029ff,948432,source_page_url:not_recorded
data/npa_yearly/H29_H29_jisatsunojoukyou_02.pdf,https://www.npa.go.jp/safetylife/seianki/jisatsu/H29/H29_jisatsunojoukyou_02.pdf,,警察庁,2026-09-07T17:30:06.277171Z,file_mtime,pdf,false,none,not_applicable,a169cb7b836b88c7e866feaf3b40ac92629e61d0e87ed06ca6973ced0e4b7c08,991493,source_page_url:not_recorded
data/npa_yearly/H30_H30_jisatunojoukyou_huroku.pdf,https://www.npa.go.jp/safetylife/seianki/jisatsu/H30/H30_jisatunojoukyou_huroku.pdf,,警察庁,2026-09-07T17:30:06.483022Z,file_mtime,pdf,false,none,not_applicable,37502408d7643ea3a61a832df5100a340637c97d12aa91b968ae962919b79844,176357,source_page_url:not_recorded
data/npa_yearly/R02_R01_huroku.pdf,https://www.npa.go.jp/safetylife/seianki/jisatsu/R02/R01_huroku.pdf,,警察庁,2026-09-07T17:30:06.747578Z,file_mtime,pdf,false,none,not_applicable,1e95710cd79a46d9740062dc6d4ae17ae7e4205d341c3800fd54a2fb4e7c12b3,198170,source_page_url:not_recorded
data/npa_yearly/R03_R02_huroku.pdf,https://www.npa.go.jp/safetylife/seianki/jisatsu/R03/R02_huroku.pdf,,警察庁,2026-09-07T17:30:06.958840Z,file_mtime,pdf,false,none,not_applicable,dc0e8f7a0df34819f45277d2d2fb58afbe85282c20b1c8573f71c5e0c1e20e9d,178198,source_page_url:not_recorded
data/npa_yearly/R04_R3jisatsunojoukyou_huroku.pdf,https://www.npa.go.jp/safetylife/seianki/jisatsu/R04/R3jisatsunojoukyou_huroku.pdf,,警察庁,2026-09-07T17:30:07.163110Z,file_mtime,pdf,false,none,not_applicable,0dc8b192dcf4bb12b6af2da224a6c83d6553a1042934164e50af00dea1297fcd,178046,source_page_url:not_recorded
data/npa_yearly/R05_R4jisatsunojoukyou_huroku1.pdf,https://www.npa.go.jp/safetylife/seianki/jisatsu/R05/R4jisatsunojoukyou_huroku1.pdf,,警察庁,2026-09-07T17:30:07.371373Z,file_mtime,pdf,false,none,not_applicable,5aac8ea3ad2180d121151b886a0842cabb6b3ae546df2bf538935faa6e42845c,283079,source_page_url:not_recorded
data/npa_yearly/R05_R4jisatsunojoukyou_huroku2.pdf,https://www.npa.go.jp/safetylife/seianki/jisatsu/R05/R4jisatsunojoukyou_huroku2.pdf,,警察庁,2026-09-07T17:30:07.599756Z,file_mtime,pdf,false,none,not_applicable,979ba43fd2ca6c424f97e1afb30480d6c1d8c9cdc3d6d51bfc60d21cf88de547,372259,source_page_url:not_recorded
data/npa_yearly/R05_R4seigohyou.pdf,https://www.npa.go.jp/safetylife/seianki/jisatsu/R05/R4seigohyou.pdf,,警察庁,2026-09-07T17:30:07.877879Z,file_mtime,pdf,false,none,not_applicable,49d8416ea7b98f46ff35bc85d3861761cdea7065772c76d09558f04d3cede7f9,240996,source_page_url:not_recorded
data/npa_yearly/R06_R5jisatsunojoukyou.pdf,https://www.npa.go.jp/safetylife/seianki/jisatsu/R06/R5jisatsunojoukyou.pdf,,警察庁,2026-09-07T17:30:08.119226Z,file_mtime,pdf,false,none,not_applicable,d0ef4f538429ed825f33fa3a85a0657ef0594542ee2deca931b116b9998f4151,594933,source_page_url:not_recorded
data/npa_yearly/R07_R6jisatsunojoukyou.pdf,https://www.npa.go.jp/safetylife/seianki/jisatsu/R07/R6jisatsunojoukyou.pdf,,警察庁,2026-09-07T17:30:08.348639Z,file_mtime,pdf,false,none,not_applicable,6be72a5d166e91da78c9b8d75cd332713e9c2b51dc16ad5366b35d3d48222965,570794,source_page_url:not_recorded
data/npa_yearly/R08_R7jisatsunojoukyou.pdf,https://www.npa.go.jp/safetylife/seianki/jisatsu/R08/R7jisatsunojoukyou.pdf,,警察庁,2026-09-07T17:30:08.704960Z,file_mtime,pdf,false,none,not_applicable,64eb000cf52d071eacb11b3b3b98440565bcd507f97ea07c9c43ab2ed24936e9,909265,source_page_url:not_recorded
data/npa_yearly/R08_zantei0807.pdf,https://www.npa.go.jp/safetylife/seianki/jisatsu/R08/zantei0807.pdf,,警察庁,2026-09-07T17:30:08.867361Z,file_mtime,pdf,false,none,not_applicable,1d28f4110ed9cf7a87d10bad5421a08b0b888588969bcd21f662f41e6ab8bdbf,43958,source_page_url:not_recorded
data/mhlw/2009_2r985200000040eq.pdf,https://warp.ndl.go.jp/20260323/20260304180733/https://www.mhlw.go.jp/stf/houdou/2r985200000040cz-att/2r985200000040eq.pdf,https://warp.ndl.go.jp/web/20260305030733/https://www.mhlw.go.jp/stf/houdou/2r985200000040cz.html,厚生労働省,2026-09-07T13:38:18.497081Z,file_mtime,pdf,false,none,not_applicable,2f9e120cc42975561d3dd08fd27259974b1d5f1143e5c2b656a1370e1ae56559,1377610,
data/mhlw/2010_2r985200000117gb.pdf,https://warp.ndl.go.jp/20260323/20260304180358/https://www.mhlw.go.jp/stf/houdou/2r985200000117eu-img/2r985200000117gb.pdf,https://warp.ndl.go.jp/web/20260305030358/https://www.mhlw.go.jp/stf/houdou/2r985200000117eu.html,厚生労働省,2026-09-07T13:38:19.137090Z,file_mtime,pdf,false,none,not_applicable,e383b997404eaa036f2b89951f54e30ee67f8fe21369923b1db2fa2b50cb7450,1546385,
data/mhlw/2011_2r98520000020ntw.pdf,https://warp.ndl.go.jp/20260323/20260305024250/https://www.mhlw.go.jp/stf/houdou/2r98520000020ns6-att/2r98520000020ntw.pdf,https://warp.ndl.go.jp/web/20260305114250/https://www.mhlw.go.jp/stf/houdou/2r98520000020ns6.html,厚生労働省,2026-09-07T13:38:19.604452Z,file_mtime,pdf,false,none,not_applicable,ac4605bedaeeb0eb5fdc40f123932020e78bfc796097dd7102d1da36f6cab477,952062,
data/mhlw/2012_2r9852000002tthj.pdf,https://warp.ndl.go.jp/20260323/20260304175626/https://www.mhlw.go.jp/stf/houdou/2r9852000002ttea-att/2r9852000002tthj.pdf,https://warp.ndl.go.jp/web/20260305025626/https://www.mhlw.go.jp/stf/houdou/2r9852000002ttea.html,厚生労働省,2026-09-07T13:38:19.984196Z,file_mtime,pdf,false,none,not_applicable,f09b18014084c8c714869bc0851172908ce36359ef24823af7d6771ca16e0da6,225763,
data/mhlw/2012_2r9852000002tthp.pdf,https://warp.ndl.go.jp/20260323/20260304175626/https://www.mhlw.go.jp/stf/houdou/2r9852000002ttea-att/2r9852000002tthp.pdf,https://warp.ndl.go.jp/web/20260305025626/https://www.mhlw.go.jp/stf/houdou/2r9852000002ttea.html,厚生労働省,2026-09-07T13:38:20.756671Z,file_mtime,pdf,false,none,not_applicable,768c86565c61c4e023c4fcf3e95ec241072697d4164b5acef5e0e1d72c8edd46,859028,
data/mhlw/2012_2r9852000002tthv.pdf,https://warp.ndl.go.jp/20260323/20260304175626/https://www.mhlw.go.jp/stf/houdou/2r9852000002ttea-att/2r9852000002tthv.pdf,https://warp.ndl.go.jp/web/20260305025626/https://www.mhlw.go.jp/stf/houdou/2r9852000002ttea.html,厚生労働省,2026-09-07T13:38:20.384604Z,file_mtime,pdf,false,none,not_applicable,4b4e7d31c15913f8eeeb67256c1f2ea6be4e7bfa33ba0a1f099e6cc5f809a75d,834654,
data/mhlw/2013_0000036116.pdf,https://warp.ndl.go.jp/20260323/20260304175416/https://www.mhlw.go.jp/file/04-Houdouhappyou-11655000-Shokugyouanteikyokuhakenyukiroudoutaisakubu-Gaikokujinkoyoutaisakuka/0000036116.pdf,https://warp.ndl.go.jp/web/20260305025416/https://www.mhlw.go.jp/stf/houdou/0000036114.html,厚生労働省,2026-09-07T13:38:21.128510Z,file_mtime,pdf,false,none,not_applicable,2cb66a6c10ef84298c768e21414997066239b9d01d9a2b8005520ff1ed1f9e39,277910,
data/mhlw/2013_0000036117.pdf,https://warp.ndl.go.jp/20260323/20260304175416/https://www.mhlw.go.jp/file/04-Houdouhappyou-11655000-Shokugyouanteikyokuhakenyukiroudoutaisakubu-Gaikokujinkoyoutaisakuka/0000036117.pdf,https://warp.ndl.go.jp/web/20260305025416/https://www.mhlw.go.jp/stf/houdou/0000036114.html,厚生労働省,2026-09-07T13:38:21.528037Z,file_mtime,pdf,false,none,not_applicable,e1f9c4c10b267df9c5c7bed910593bbe2e54420cefe08696e6dc73f1e41c3847,1282859,
data/mhlw/2013_0000036118.pdf,https://warp.ndl.go.jp/20260323/20260304175416/https://www.mhlw.go.jp/file/04-Houdouhappyou-11655000-Shokugyouanteikyokuhakenyukiroudoutaisakubu-Gaikokujinkoyoutaisakuka/0000036118.pdf,https://warp.ndl.go.jp/web/20260305025416/https://www.mhlw.go.jp/stf/houdou/0000036114.html,厚生労働省,2026-09-07T13:38:21.945723Z,file_mtime,pdf,false,none,not_applicable,8f93cc46d21698ef1f47d49384222a653eca6196efb57ac6ac59610e1804fafe,848141,
data/mhlw/2014_0000072417.pdf,https://warp.ndl.go.jp/20260323/20260304175214/https://www.mhlw.go.jp/file/04-Houdouhappyou-11655000-Shokugyouanteikyokuhakenyukiroudoutaisakubu-Gaikokujinkoyoutaisakuka/0000072417.pdf,https://warp.ndl.go.jp/web/20260305025214/https://www.mhlw.go.jp/stf/houdou/0000072426.html,厚生労働省,2026-09-07T13:38:22.319114Z,file_mtime,pdf,false,none,not_applicable,ed1e03033b9e9d09b2b0b86bceeb2fba2e394e52e0edfd015a7b73708d85e252,235876,
data/mhlw/2014_0000072419.pdf,https://warp.ndl.go.jp/20260323/20260304175214/https://www.mhlw.go.jp/file/04-Houdouhappyou-11655000-Shokugyouanteikyokuhakenyukiroudoutaisakubu-Gaikokujinkoyoutaisakuka/0000072419.pdf,https://warp.ndl.go.jp/web/20260305025214/https://www.mhlw.go.jp/stf/houdou/0000072426.html,厚生労働省,2026-09-07T13:38:22.877424Z,file_mtime,pdf,false,none,not_applicable,4cb0ad63f5c3d0ab1d9e62e41c9f93e76e2394a3803494fe82887745052d7138,3376283,
data/mhlw/2014_0000072420.pdf,https://warp.ndl.go.jp/20260323/20260304175214/https://www.mhlw.go.jp/file/04-Houdouhappyou-11655000-Shokugyouanteikyokuhakenyukiroudoutaisakubu-Gaikokujinkoyoutaisakuka/0000072420.pdf,https://warp.ndl.go.jp/web/20260305025214/https://www.mhlw.go.jp/stf/houdou/0000072426.html,厚生労働省,2026-09-07T13:38:23.168749Z,file_mtime,pdf,false,none,not_applicable,c065a8e9a9dfb4afb15ff8d5edee15e973280a491d0db523573ef483b9645acb,207113,
data/mhlw/2015_0000110232.pdf,https://warp.ndl.go.jp/20260323/20260304174955/https://www.mhlw.go.jp/file/04-Houdouhappyou-11655000-Shokugyouanteikyokuhakenyukiroudoutaisakubu-Gaikokujinkoyoutaisakuka/0000110232.pdf,https://warp.ndl.go.jp/web/20260305024955/https://www.mhlw.go.jp/stf/houdou/0000110224.html,厚生労働省,2026-09-07T13:38:23.550965Z,file_mtime,pdf,false,none,not_applicable,ec34de73f0864cae711f32ad38c9faa5866130cb41ae80e68691761adb6ba7dd,279555,
data/mhlw/2015_0000110233.pdf,https://warp.ndl.go.jp/20260323/20260304174955/https://www.mhlw.go.jp/file/04-Houdouhappyou-11655000-Shokugyouanteikyokuhakenyukiroudoutaisakubu-Gaikokujinkoyoutaisakuka/0000110233.pdf,https://warp.ndl.go.jp/web/20260305024955/https://www.mhlw.go.jp/stf/houdou/0000110224.html,厚生労働省,2026-09-07T13:38:23.874452Z,file_mtime,pdf,false,none,not_applicable,ebcca7507bf14d8fb4528962e25bd003dd5332ee392724bd9dd8af37d79c60ee,1282123,
data/mhlw/2015_0000110234.pdf,https://warp.ndl.go.jp/20260323/20260304174955/https://www.mhlw.go.jp/file/04-Houdouhappyou-11655000-Shokugyouanteikyokuhakenyukiroudoutaisakubu-Gaikokujinkoyoutaisakuka/0000110234.pdf,https://warp.ndl.go.jp/web/20260305024955/https://www.mhlw.go.jp/stf/houdou/0000110224.html,厚生労働省,2026-09-07T13:38:24.178668Z,file_mtime,pdf,false,none,not_applicable,530b7145cfad2a26add07a042e22acb7690bedce1e3142ea3b10e3e31eff1bfd,202114,
data/mhlw/2016_648474.xlsx,https://warp.ndl.go.jp/20260323/20260305024200/https://www.mhlw.go.jp/file/04-Houdouhappyou-11655000-Shokugyouanteikyokuhakenyukiroudoutaisakubu-Gaikokujinkoyoutaisakuka/648474.xlsx,https://warp.ndl.go.jp/web/20260305114200/https://www.mhlw.go.jp/stf/houdou/0000148933.html,厚生労働省,2026-09-07T13:37:49.598073Z,file_mtime,xlsx,false,none,not_applicable,9cac62b781c886fee4a7c6115600cbb58fa03e0a8210eb5b3b7cb768e1f99ff3,117771,
data/mhlw/2017_8957097520ff.xlsx,https://warp.ndl.go.jp/20260323/20260305024133/https://www.mhlw.go.jp/file/04-Houdouhappyou-11655000-Shokugyouanteikyokuhakenyukiroudoutaisakubu-Gaikokujinkoyoutaisakuka/8957097520ff.xlsx,https://warp.ndl.go.jp/web/20260305114133/https://www.mhlw.go.jp/stf/houdou/0000192073.html,厚生労働省,2026-09-07T13:37:50.034123Z,file_mtime,xlsx,false,none,not_applicable,1124182f69a9095e574930e19a2ab0b931546e78a0e96113d977fe8a8dfa050a,121693,
data/mhlw/2018_000592978.xlsx,https://warp.ndl.go.jp/20260323/20260304174331/https://www.mhlw.go.jp/content/11655000/000592978.xlsx,https://warp.ndl.go.jp/web/20260305024331/https://www.mhlw.go.jp/stf/newpage_03337.html,厚生労働省,2026-09-07T13:37:50.377580Z,file_mtime,xlsx,false,none,not_applicable,6defaaf1971ca6100dfa8c28142c007d24d8aeb4c2fd82d335cd1c4f5ca958f9,107407,
data/mhlw/2019_000590312.xlsx,https://warp.ndl.go.jp/20260323/20260304174150/https://www.mhlw.go.jp/content/11655000/000590312.xlsx,https://warp.ndl.go.jp/web/20260305024150/https://www.mhlw.go.jp/stf/newpage_09109.html,厚生労働省,2026-09-07T13:37:50.877794Z,file_mtime,xlsx,false,none,not_applicable,3c68e60dfb64b6e5088a097a526d6a361672dd0a424327f88da5b77fa86950a6,115692,
data/mhlw/2020_000728550.xlsx,https://warp.ndl.go.jp/20260323/20260304173907/https://www.mhlw.go.jp/content/11655000/000728550.xlsx,https://warp.ndl.go.jp/web/20260305023907/https://www.mhlw.go.jp/stf/newpage_16279.html,厚生労働省,2026-09-07T13:37:51.269256Z,file_mtime,xlsx,false,none,not_applicable,a00dffc9dccab1a29859ebc8d0f5c3ce11a4aa289a7900131ce27dcd0ab1c83e,127365,
data/mhlw/2021_000887556.xlsx,https://warp.ndl.go.jp/20260323/20260304173603/https://www.mhlw.go.jp/content/11655000/000887556.xlsx,https://warp.ndl.go.jp/web/20260305023603/https://www.mhlw.go.jp/stf/newpage_23495.html,厚生労働省,2026-09-07T13:37:51.658931Z,file_mtime,xlsx,false,none,not_applicable,28a71e885a5d3e9b1d203578682b39ca73d97ca866b01f44a8daa1a7a340a96b,131604,
data/mhlw/2022_001044545.xlsx,https://warp.ndl.go.jp/20260323/20260304173428/https://www.mhlw.go.jp/content/11655000/001044545.xlsx,https://warp.ndl.go.jp/web/20260305023428/https://www.mhlw.go.jp/stf/newpage_30367.html,厚生労働省,2026-09-07T13:37:52.012945Z,file_mtime,xlsx,false,none,not_applicable,b862f5fe88883c7fcb7cb3ae828ee4c69d918a9af8566f2c29c55197b2d895c1,135065,
data/mhlw/2023_001195791.xlsx,https://www.mhlw.go.jp/content/11655000/001195791.xlsx,https://www.mhlw.go.jp/stf/newpage_37084.html,厚生労働省,2026-09-07T13:37:52.306220Z,file_mtime,xlsx,false,none,not_applicable,580b999fb853b825e167c70343091ae7121e34561d8d5e95530d7262658f6b6e,137587,
data/mhlw/2024_001389472.xlsx,https://www.mhlw.go.jp/content/11655000/001389472.xlsx,https://www.mhlw.go.jp/stf/newpage_50256.html,厚生労働省,2026-09-07T13:37:52.545890Z,file_mtime,xlsx,false,none,not_applicable,3905dfeeb6c2104f67d4969720b8dddefde986020f40c94f75537613328d3362,131054,
data/mhlw/2025_001646132.xlsx,https://www.mhlw.go.jp/content/11655000/001646132.xlsx,https://www.mhlw.go.jp/stf/newpage_68794.html,厚生労働省,2026-09-07T13:37:52.774855Z,file_mtime,xlsx,false,none,not_applicable,5624ebc1ce7d2eabf87e0b6d0abc3145c16aaf442c44343a8e3608af60ad73c1,130145,
001467379.pdf,https://www.moj.go.jp/isa/content/001467379.pdf,,出入国在留管理庁,2026-09-05T09:15:55.961015Z,file_mtime,pdf,false,none,not_applicable,17b0c4dec50fce3e3a304c68a7d2fef41605fbdd4ca8c564dde34ef4eddd5410,124076,source_page_url:not_recorded
001467380.pdf,https://www.moj.go.jp/isa/content/001467380.pdf,,出入国在留管理庁,2026-09-05T09:16:01.838841Z,file_mtime,pdf,false,none,not_applicable,f595bdbe48d6880afa116e3a5ed74fafe8da1379a997b7de3704ce6e322ceda3,82286,source_page_url:not_recorded
001467381.pdf,https://www.moj.go.jp/isa/content/001467381.pdf,,出入国在留管理庁,2026-09-05T09:16:08.850137Z,file_mtime,pdf,false,none,not_applicable,c22e770fa0f9f44f4cbaa095c89e7ca0792bc6f71321518a205e5a101295a9dd,718374,source_page_url:not_recorded
001467382.pdf,https://www.moj.go.jp/isa/content/001467382.pdf,,出入国在留管理庁,2026-09-05T09:16:18.166015Z,file_mtime,pdf,false,none,not_applicable,2fde8ed3c9e3e5f858c18d2a02201582b5238038a7a6c16cf6cdc7cccd6b8bd9,653356,source_page_url:not_recorded
001467574.pdf,https://www.moj.go.jp/isa/content/001467574.pdf,,出入国在留管理庁,2026-09-05T09:16:33.151774Z,file_mtime,pdf,false,none,not_applicable,77011af736fd72e610742de895f0c40bdf7a79db7f2030ffcd117d729959b312,681568,source_page_url:not_recorded
001467575.pdf,https://www.moj.go.jp/isa/content/001467575.pdf,,出入国在留管理庁,2026-09-05T09:16:38.278132Z,file_mtime,pdf,false,none,not_applicable,933e4ea06883dc2f932ca3661705cec9c65223594ef3537dfdff1965961e757e,1724794,source_page_url:not_recorded
R7jisatsunojoukyou.pdf,https://www.npa.go.jp/safetylife/seianki/jisatsu/R08/R7jisatsunojoukyou.pdf,,警察庁,2026-09-07T08:25:08.864240Z,file_mtime,pdf,false,none,not_applicable,64eb000cf52d071eacb11b3b3b98440565bcd507f97ea07c9c43ab2ed24936e9,909265,source_page_url:not_recorded
001646132.xlsx,https://www.mhlw.go.jp/content/11655000/001646132.xlsx,https://www.mhlw.go.jp/stf/newpage_68794.html,厚生労働省,2026-09-05T10:11:09.991129Z,file_mtime,xlsx,true,none,not_applicable,5624ebc1ce7d2eabf87e0b6d0abc3145c16aaf442c44343a8e3608af60ad73c1,130145,
data/derived/aging_age_structure.csv,local-derived-data,,本リポジトリ,2026-09-07T12:32:08.002012Z,file_mtime,csv,true,data/estat/pop_age3_longterm.csv; data/estat/pop_total_single_age_annual.csv; data/estat/pop_total_5y_2025.csv,scripts/build_aging_series.py,ff6aa2a615821cb65ab5d8ff8a3bcf330a73048e0b5650bca05eb18975a3376a,96949,source_page_url:not_recorded
data/derived/aging_vital_change.csv,local-derived-data,,本リポジトリ,2026-09-07T12:32:08.003035Z,file_mtime,csv,true,data/estat/vital_births_rates.csv; data/estat/vital_deaths_rates.csv,scripts/build_aging_series.py,56ec2ce93248e9300154b32b0a5dc67085894695298e00fad6727c19f77a86ef,42116,source_page_url:not_recorded
data/derived/foreign_employment.csv,local-derived-data,,本リポジトリ,2026-09-07T13:45:29.389703Z,file_mtime,csv,true,data/mhlw/2016_648474.xlsx; data/mhlw/2017_8957097520ff.xlsx; data/mhlw/2018_000592978.xlsx; data/mhlw/2019_000590312.xlsx; data/mhlw/2020_000728550.xlsx; data/mhlw/2021_000887556.xlsx; data/mhlw/2022_001044545.xlsx; data/mhlw/2023_001195791.xlsx; data/mhlw/2024_001389472.xlsx; data/mhlw/2025_001646132.xlsx,scripts/extract_employment.py,b9cfd6c7466413886659fc284768397858105b468bfb8f1dbb985ba272a4289c,499109,source_page_url:not_recorded
data/derived/suicide_by_age_rate.csv,local-derived-data,,本リポジトリ,2026-09-07T17:11:17.978943Z,file_mtime,csv,true,data/npa/npa_suicide_age_annual.csv; data/estat/pop_total_single_age_annual.csv; data/estat/pop_total_5y_2025.csv,scripts/build_suicide_by_age.py,ade890905c5b2ceea88d24df39fa137887d0e64e3d2bb578df73565157971b83,51635,source_page_url:not_recorded
data/derived/vital_suicide_by_age_sex_rate.csv,local-derived-data,,本リポジトリ,2026-09-07T18:03:19.874415Z,file_mtime,csv,true,data/estat/vital_suicide_age_sex.csv; data/estat/pop_total_single_age_annual.csv,scripts/build_vital_sex.py,8561fef5d377b824032cea7ac7fdc030b7d902b714b76b166fae2cf3a9ce1029,157486,source_page_url:not_recorded
data/derived/youth_suicide_rate.csv,local-derived-data,,本リポジトリ,2026-09-11T19:15:00.157885Z,file_mtime,csv,true,data/npa/npa_suicide_age_annual.csv; data/estat/pop_total_single_age_annual.csv; data/estat/pop_total_5y_2025.csv,scripts/build_youth_rate.py,7ee7be50107be805a8f047248c6005860371c0f96057f378507ce77324876e3e,3945,source_page_url:not_recorded
data/npa/npa_suicide_age_annual.csv,local-extracted-data,,本リポジトリ,2026-09-07T08:43:26.479892Z,file_mtime,csv,true,R7jisatsunojoukyou.pdf,scripts/extract_npa_longtable.py,b5d8c61cf3dbb935f731113d0abb55940c2eb53b90333c1341901a70c90f570d,60037,source_page_url:not_recorded
